record_type,run,model,arch,view,mode,recipe,input_size,batch_size,learning_rate,weight_decay,epochs,warmup_epochs,patience,dropout,loss_type,label_smoothing,scheduler_type,seed,n_folds,max_folds,freeze_backbone,thr_mode,use_bf16,aug_flip_prob,aug_rot_deg,aug_rot_prob,aug_shift_limit,aug_scale_limit,aug_bc_prob,folds,cv_auc,cv_auc_std,oof_auc,oof_auprc,n_test,n_test_pos,prevalence,threshold,test_auc,auc_image_lo,auc_image_hi,test_auprc,auprc_image_lo,auprc_image_hi,accuracy,sensitivity,specificity,precision,f1_score,mcc,n_subjects,auc_cluster_lo,auc_cluster_hi,auprc_cluster_lo,auprc_cluster_hi,n_images,n_pos,auc_cluster_width,auc_image_width,auprc_cluster_width,auprc_image_width,n_boot_effective,n_degenerate_replicates,split_seed,training_seed,outer_test_ratio,n_outer_neg,num_workers,eval_num_workers,preload_workers,prefetch_factor,use_compile,split_mode,split_tag,data_root,source_image_root,pos_mode,dataset_name,n_cohort_total,n_cohort_cv_pool,n_cohort_outer_test,n_cohort_cv_subjects,n_cohort_outer_subjects,n_cohort_total_subjects,n_outer_pos,outer_prevalence,mode_a,mode_b,contrast,vs_raw,pairing,n_images_paired,n_subjects_paired,auc_a,auc_b,delta_auc,delta_auc_lo,delta_auc_hi,delta_auc_ci_width,delta_auc_excludes_zero,delta_auc_p,auprc_a,auprc_b,delta_auprc,delta_auprc_lo,delta_auprc_hi,delta_auprc_ci_width,delta_auprc_excludes_zero,delta_auprc_p,delta_auc_ci_width_unpaired,delta_auprc_ci_width_unpaired,pairing_width_reduction_auc,prob_corr_a_b,run_a,run_b,n_models,models,mean_delta_auc,mean_delta_auc_lo,mean_delta_auc_hi,mean_delta_auc_excludes_zero,mean_delta_auc_p,mean_delta_auprc,mean_delta_auprc_lo,mean_delta_auprc_hi,mean_delta_auprc_excludes_zero,mean_delta_auprc_p
run,20260907_180114_convnextv2_base_PA_medsam3_seg_cv_5fold_holdout15pct,convnextv2_base,convnextv2_base,PA,medsam3_seg,e50_do0.2_wbce,512,64,2e-05,0.05,50,3,8,0.2,weighted_bce,0.0,cosine,42,5,5,False,youden,True,0.0,7,0.5,0.05,0.1,0.3,5,0.781837155747815,0.005072715592432841,0.7709645247132918,0.6506621226746541,2521,750,0.29750099166997224,0.528533399105072,0.8003402973837757,0.7806206915049884,0.8197855901370905,0.680872212805293,0.6467185546655501,0.7130406977688727,0.7477191590638635,0.688,0.7730095990965556,0.5620915032679739,0.6187050359712231,0.43798756328932115,1743,0.7786684228729459,0.8215612227578922,0.6445324122739878,0.7172732928110326,2521,750,0.04289279988494632,0.03916489863210215,0.07274088053704475,0.06632214310332263,2000,0,,42,0.15,1771,16,5,22,2,False,cv5,cv_5fold_holdout15pct,cxr_medsam3_lung_seg_pa,,pneumonia,cxr_medsam3_lung_seg_pa,18609,16088,2521,10642,1743,12385,750,0.297501,,,,,,,,,,,,,,,,,,,,,,,,,,,,,,,,,,,,,,,,,
run,20260907_203123_swint_base_PA_medsam3_seg_cv_5fold_holdout15pct,swinv2_base_window16_256,swint_base,PA,medsam3_seg,e50_do0.2_wbce,512,64,2e-05,0.05,50,3,8,0.2,weighted_bce,0.0,cosine,42,5,5,False,youden,True,0.0,7,0.5,0.05,0.1,0.3,5,0.7706208804702483,0.01081689088845897,0.7650593788667899,0.6378683276629236,2521,750,0.29750099166997224,0.4475206434726715,0.7896006022962544,0.7695430636932448,0.8090583690934302,0.6653528237640763,0.6321109355268952,0.6983421366347591,0.7223324077746925,0.6973333333333334,0.7329192546583851,0.5251004016064257,0.5990836197021764,0.40234518889371707,1743,0.7672925485823539,0.8118138593613864,0.6257347916466278,0.7012784435065801,2521,750,0.04452131077903254,0.03951530540018544,0.07554365185995227,0.06623120110786385,2000,0,,42,0.15,1771,16,5,22,2,False,cv5,cv_5fold_holdout15pct,cxr_medsam3_lung_seg_pa,,pneumonia,cxr_medsam3_lung_seg_pa,18609,16088,2521,10642,1743,12385,750,0.297501,,,,,,,,,,,,,,,,,,,,,,,,,,,,,,,,,,,,,,,,,
run,20260908_002127_dinov3_base_PA_medsam3_seg_cv_5fold_holdout15pct,vit_base_patch16_dinov3,dinov3_base,PA,medsam3_seg,e50_do0.2_wbce,512,64,2e-05,0.05,50,3,8,0.2,weighted_bce,0.0,cosine,42,5,5,False,youden,True,0.0,7,0.5,0.05,0.1,0.3,5,0.7716413803869331,0.025223905096167586,0.7651085393027715,0.6514013127194981,2521,750,0.29750099166997224,0.5117166042327881,0.7867946546207416,0.7661485172856595,0.806292185454561,0.6682123693539369,0.6354119216702588,0.6992089517147585,0.7378024593415311,0.6573333333333333,0.771880293619424,0.5496098104793757,0.5986642380085003,0.4098492834093846,1743,0.7652840556675008,0.8092400676505539,0.6327199124691248,0.7051136350881602,2521,750,0.0439560119830531,0.04014366816890158,0.07239372261903532,0.06379703004449966,2000,0,,42,0.15,1771,16,5,22,2,False,cv5,cv_5fold_holdout15pct,cxr_medsam3_lung_seg_pa,,pneumonia,cxr_medsam3_lung_seg_pa,18609,16088,2521,10642,1743,12385,750,0.297501,,,,,,,,,,,,,,,,,,,,,,,,,,,,,,,,,,,,,,,,,
run,20260908_015426_eva_x_base_PA_medsam3_seg_cv_5fold_holdout15pct,eva_x_base,eva_x_base,PA,medsam3_seg,e50_do0.2_wbce,512,64,2e-05,0.05,50,3,9,0.2,weighted_bce,0.0,cosine,42,5,5,False,youden,True,0.0,7,0.5,0.05,0.1,0.3,5,0.7941484777801474,0.00693506560814125,0.7805035988980622,0.6764839000219547,2521,750,0.29750099166997224,0.48938146233558655,0.7974839073969509,0.777461059130739,0.8170434800123674,0.6850926821336446,0.6530884056110096,0.7168053723640675,0.7560491868306227,0.6586666666666666,0.7972896668548842,0.5791324736225087,0.6163443543356207,0.440545354753669,1743,0.7755619103717466,0.8184570500795119,0.6475770459775865,0.7207590663390896,2521,750,0.04289513970776526,0.03958242088162833,0.07318202036150312,0.06371696675305794,2000,0,,42,0.15,1771,16,5,22,2,False,cv5,cv_5fold_holdout15pct,cxr_medsam3_lung_seg_pa,,pneumonia,cxr_medsam3_lung_seg_pa,18609,16088,2521,10642,1743,12385,750,0.297501,,,,,,,,,,,,,,,,,,,,,,,,,,,,,,,,,,,,,,,,,
run,20260908_093546_convnextv2_base_PA_medsam3_crop_cv_5fold_holdout15pct,convnextv2_base,convnextv2_base,PA,medsam3_crop,e50_do0.2_wbce,512,64,2e-05,0.05,50,3,8,0.2,weighted_bce,0.0,cosine,42,5,5,False,youden,True,0.0,7,0.5,0.05,0.1,0.3,5,0.7951972390532418,0.007220381913266787,0.7906933043432534,0.6732497977360289,2521,750,0.29750099166997224,0.43206343054771423,0.8092467532467533,0.7902338620905917,0.8275875248929461,0.6956950395567802,0.6626923968032279,0.7262860204637226,0.7516858389527965,0.6866666666666666,0.7792207792207793,0.5684326710816777,0.6219806763285024,0.4438850905320215,1743,0.7868465324514701,0.8302708959661862,0.6586833719037672,0.7312641957807257,2521,750,0.043424363514716124,0.037353662802354415,0.07258082387695841,0.0635936236604947,2000,0,,42,0.15,1771,16,5,22,2,False,cv5,cv_5fold_holdout15pct,cxr_medsam3_lung_seg_cropped_pa,,pneumonia,cxr_medsam3_lung_seg_cropped_pa,18609,16088,2521,10642,1743,12385,750,0.297501,,,,,,,,,,,,,,,,,,,,,,,,,,,,,,,,,,,,,,,,,
run,20260908_120636_swint_base_PA_medsam3_crop_cv_5fold_holdout15pct,swinv2_base_window16_256,swint_base,PA,medsam3_crop,e50_do0.2_wbce,512,64,2e-05,0.05,50,3,8,0.2,weighted_bce,0.0,cosine,42,5,5,False,youden,True,0.0,7,0.5,0.05,0.1,0.3,5,0.7818364580731363,0.01253909695557254,0.7755207500503498,0.6383092195596604,2521,750,0.29750099166997224,0.5180585384368896,0.8024573687182384,0.7830820388551267,0.8211156892370498,0.6793439249225895,0.6450311705376621,0.7109637475375717,0.7401824672748909,0.708,0.753811405985319,0.5491209927611168,0.6185206755969714,0.43417600985769045,1743,0.779039299385813,0.8231110995757066,0.6388422046258212,0.7151509671384783,2521,750,0.04407180018989365,0.03803365038192308,0.07630876251265706,0.06593257699990962,2000,0,,42,0.15,1771,16,5,22,2,False,cv5,cv_5fold_holdout15pct,cxr_medsam3_lung_seg_cropped_pa,,pneumonia,cxr_medsam3_lung_seg_cropped_pa,18609,16088,2521,10642,1743,12385,750,0.297501,,,,,,,,,,,,,,,,,,,,,,,,,,,,,,,,,,,,,,,,,
run,20260908_155706_dinov3_base_PA_medsam3_crop_cv_5fold_holdout15pct,vit_base_patch16_dinov3,dinov3_base,PA,medsam3_crop,e50_do0.2_wbce,512,64,2e-05,0.05,50,3,8,0.2,weighted_bce,0.0,cosine,42,5,5,False,youden,True,0.0,7,0.5,0.05,0.1,0.3,5,0.7952252416408392,0.012013375051873077,0.7894552698162971,0.683504783977716,2521,750,0.29750099166997224,0.49951171875,0.811930735930736,0.793216711985157,0.8312436042553418,0.698501622836621,0.6660693944542203,0.7286170303678857,0.7659658865529552,0.6746666666666666,0.8046301524562394,0.5938967136150235,0.6317103620474407,0.46322980338122727,1743,0.7893606379981742,0.8315817044660337,0.6620110007085166,0.7332366101033571,2521,750,0.0422210664678595,0.03802689227018485,0.07122560939484046,0.06254763591366541,2000,0,,42,0.15,1771,16,5,22,2,False,cv5,cv_5fold_holdout15pct,cxr_medsam3_lung_seg_cropped_pa,,pneumonia,cxr_medsam3_lung_seg_cropped_pa,18609,16088,2521,10642,1743,12385,750,0.297501,,,,,,,,,,,,,,,,,,,,,,,,,,,,,,,,,,,,,,,,,
run,20260908_172509_eva_x_base_PA_medsam3_crop_cv_5fold_holdout15pct,eva_x_base,eva_x_base,PA,medsam3_crop,e50_do0.2_wbce,512,64,2e-05,0.05,50,3,9,0.2,weighted_bce,0.0,cosine,42,5,5,False,youden,True,0.0,7,0.5,0.05,0.1,0.3,5,0.8147424825169075,0.009205065258183598,0.8097320492416397,0.7190682587725252,2521,750,0.29750099166997224,0.42806899547576904,0.8233427442123095,0.8052824174839981,0.8421536488274569,0.722636420700927,0.6920118922889197,0.7517405902174911,0.7552558508528362,0.72,0.7701863354037267,0.5702217529039071,0.6364172068355922,0.4627258472892074,1743,0.8029043357270438,0.843341399106684,0.6890920201265179,0.7570076121100692,2521,750,0.04043706337964026,0.03687123134345882,0.06791559198355124,0.059728697928571384,2000,0,42,42,0.15,1771,16,5,22,2,False,cv5,cv_5fold_holdout15pct,cxr_medsam3_lung_seg_cropped_pa,,pneumonia,cxr_medsam3_lung_seg_cropped_pa,18609,16088,2521,10642,1743,12385,750,0.297501,,,,,,,,,,,,,,,,,,,,,,,,,,,,,,,,,,,,,,,,,
run,20260909_011100_convnextv2_base_PA_chexmask_seg_cv_5fold_holdout15pct,convnextv2_base,convnextv2_base,PA,chexmask_seg,e50_do0.2_wbce,512,64,2e-05,0.05,50,3,8,0.2,weighted_bce,0.0,cosine,42,5,5,False,youden,True,0.0,7,0.5,0.05,0.1,0.3,5,0.7829967663468885,0.005336805209160768,0.774878605828995,0.6625316634332101,2521,750,0.29750099166997224,0.5002191662788391,0.7995994729907772,0.7801406054392682,0.8185881933254031,0.6726616983918435,0.6383749144536629,0.7061279657807981,0.768345894486315,0.6346666666666667,0.8249576510446076,0.6055979643765903,0.6197916666666666,0.453609245601575,1743,0.7771702992262308,0.8212911655746001,0.6319356323857191,0.711833750275129,2521,750,0.044120866348369314,0.03844758788613489,0.07989811788940981,0.06775305132713516,2000,0,42,42,0.15,1771,16,5,22,2,False,cv5,cv_5fold_holdout15pct,cxr_chexmask_lung_seg_pa,,pneumonia,cxr_chexmask_lung_seg_pa,18609,16088,2521,10642,1743,12385,750,0.297501,,,,,,,,,,,,,,,,,,,,,,,,,,,,,,,,,,,,,,,,,
run,20260909_033321_swint_base_PA_chexmask_seg_cv_5fold_holdout15pct,swinv2_base_window16_256,swint_base,PA,chexmask_seg,e50_do0.2_wbce,512,64,2e-05,0.05,50,3,8,0.2,weighted_bce,0.0,cosine,42,5,5,False,youden,True,0.0,7,0.5,0.05,0.1,0.3,5,0.7737770357915187,0.006070456943274358,0.7671488717872219,0.6420962405555695,2521,750,0.29750099166997224,0.4492718577384949,0.7880624882364011,0.7686802405991362,0.8073948607798453,0.6587226331961384,0.6255916638555331,0.6902042621422573,0.7294724315747719,0.6973333333333334,0.7430830039525692,0.5347648261758691,0.6053240740740741,0.4131910850350144,1743,0.7664890210370219,0.8097946882150343,0.6204197035822269,0.6969614033788903,2521,750,0.04330566717801243,0.03871462018070915,0.07654169979666348,0.06461259828672417,2000,0,42,42,0.15,1771,16,5,22,2,False,cv5,cv_5fold_holdout15pct,cxr_chexmask_lung_seg_pa,,pneumonia,cxr_chexmask_lung_seg_pa,18609,16088,2521,10642,1743,12385,750,0.297501,,,,,,,,,,,,,,,,,,,,,,,,,,,,,,,,,,,,,,,,,
run,20260909_072955_dinov3_base_PA_chexmask_seg_cv_5fold_holdout15pct,vit_base_patch16_dinov3,dinov3_base,PA,chexmask_seg,e50_do0.2_wbce,512,64,2e-05,0.05,50,3,8,0.2,weighted_bce,0.0,cosine,42,5,5,False,youden,True,0.0,7,0.5,0.05,0.1,0.3,5,0.7788280389107103,0.017014618373767162,0.774753598629768,0.6579623045698282,2521,750,0.29750099166997224,0.4695202708244324,0.791048371917937,0.7704886017493583,0.8118179467663786,0.6781106156888754,0.645337005484173,0.7097428507763165,0.7334391114637049,0.668,0.7611518915866742,0.5422077922077922,0.5985663082437276,0.4071575568642697,1743,0.7682614460386367,0.8120598612709983,0.6407218615002517,0.7127439338635934,2521,750,0.04379841523236161,0.04132934501702035,0.07202207236334168,0.06440584529214344,2000,0,42,42,0.15,1771,16,5,22,2,False,cv5,cv_5fold_holdout15pct,cxr_chexmask_lung_seg_pa,,pneumonia,cxr_chexmask_lung_seg_pa,18609,16088,2521,10642,1743,12385,750,0.297501,,,,,,,,,,,,,,,,,,,,,,,,,,,,,,,,,,,,,,,,,
run,20260909_084516_eva_x_base_PA_chexmask_seg_cv_5fold_holdout15pct,eva_x_base,eva_x_base,PA,chexmask_seg,e50_do0.2_wbce,512,64,2e-05,0.05,50,3,9,0.2,weighted_bce,0.0,cosine,42,5,5,False,youden,True,0.0,7,0.5,0.05,0.1,0.3,5,0.7912619338226492,0.008371762645185386,0.7853812495997946,0.6783550207994484,2521,750,0.29750099166997224,0.4454692304134369,0.8006421983813288,0.7814729336632977,0.82057843040082,0.6891747646910105,0.6585591691912088,0.7199815757515645,0.7500991669972233,0.6813333333333333,0.7792207792207793,0.5665188470066519,0.6186440677966102,0.4392319099806993,1743,0.7782903102858892,0.8208663458521709,0.6512729069835066,0.7245085246937598,2521,750,0.042576035566281645,0.03910549673752228,0.07323561771025322,0.06142240656035569,2000,0,42,42,0.15,1771,16,5,22,2,False,cv5,cv_5fold_holdout15pct,cxr_chexmask_lung_seg_pa,,pneumonia,cxr_chexmask_lung_seg_pa,18609,16088,2521,10642,1743,12385,750,0.297501,,,,,,,,,,,,,,,,,,,,,,,,,,,,,,,,,,,,,,,,,
run,20260909_143039_convnextv2_base_AP_raw_cv_5fold_holdout15pct,convnextv2_base,convnextv2_base,AP,raw,e50_do0.2_wbce,512,64,2e-05,0.05,50,3,8,0.2,weighted_bce,0.0,cosine,42,5,5,False,youden,True,0.0,7,0.5,0.05,0.1,0.3,5,0.8027128622799939,0.004748198062240662,0.7917887023247071,0.789026410817157,3280,1582,0.4823170731707317,0.4163219630718231,0.802910466541287,0.7879929092321583,0.8182117455382918,0.7875501883542124,0.7670327106120189,0.8094234700920819,0.7326219512195122,0.7364096080910241,0.7290930506478209,0.7169230769230769,0.7265357031493608,0.46523091540229433,1763,0.7849146320048426,0.8195149242957334,0.7596496259731796,0.8128815931445812,3280,1582,0.03460029229089079,0.030218836306133534,0.05323196717140155,0.04239075948006299,2000,0,42,42,0.15,1698,16,5,22,2,False,cv5,cv_5fold_holdout15pct,cxr_medsam3_lung_seg_ap,2.1.0,pneumonia,cxr_medsam3_lung_seg_ap,22894,19614,3280,10188,1763,11951,1582,0.482317,,,,,,,,,,,,,,,,,,,,,,,,,,,,,,,,,,,,,,,,,
run,20260909_171916_dinov3_base_AP_raw_cv_5fold_holdout15pct,vit_base_patch16_dinov3,dinov3_base,AP,raw,e50_do0.2_wbce,512,64,2e-05,0.05,50,3,8,0.2,weighted_bce,0.0,cosine,42,5,5,False,youden,True,0.0,7,0.5,0.05,0.1,0.3,5,0.8021488129799206,0.004432259412833541,0.7959472992903959,0.7950521685578611,3280,1582,0.4823170731707317,0.5101304054260254,0.8054318384535089,0.7902264968445154,0.8203419454833464,0.7944014420800896,0.7739567602491718,0.8156962740384888,0.7362804878048781,0.7104930467762326,0.7603062426383981,0.7341606792945787,0.7221329906842274,0.47154742880597617,1763,0.7884627442762477,0.8219499802093465,0.7683808546581277,0.8179487559042641,3280,1582,0.03348723593309877,0.030115448638830977,0.049567901246136414,0.04173951378931695,2000,0,42,42,0.15,1698,16,5,22,2,False,cv5,cv_5fold_holdout15pct,cxr_medsam3_lung_seg_ap,2.1.0,pneumonia,cxr_medsam3_lung_seg_ap,22894,19614,3280,10188,1763,11951,1582,0.482317,,,,,,,,,,,,,,,,,,,,,,,,,,,,,,,,,,,,,,,,,
run,20260909_184003_eva_x_base_AP_raw_cv_5fold_holdout15pct,eva_x_base,eva_x_base,AP,raw,e50_do0.2_wbce,512,64,2e-05,0.05,50,3,9,0.2,weighted_bce,0.0,cosine,42,5,5,False,youden,True,0.0,7,0.5,0.05,0.1,0.3,5,0.8124796890366218,0.005975165941979749,0.8065797365234854,0.8108410752148474,3280,1582,0.4823170731707317,0.5631377100944519,0.8128183823014806,0.7983576161308913,0.8267557793791763,0.8018108531983887,0.7818354549097644,0.8219427076412723,0.7481707317073171,0.718078381795196,0.7762073027090695,0.7493403693931399,0.7333763718528082,0.495394549591936,1763,0.7954924170617691,0.8293942665008476,0.7776226292656323,0.8259368127473093,3280,1582,0.03390184943907848,0.028398163248285035,0.04831418348167704,0.04010725273150795,2000,0,42,42,0.15,1698,16,5,22,2,False,cv5,cv_5fold_holdout15pct,cxr_medsam3_lung_seg_ap,2.1.0,pneumonia,cxr_medsam3_lung_seg_ap,22894,19614,3280,10188,1763,11951,1582,0.482317,,,,,,,,,,,,,,,,,,,,,,,,,,,,,,,,,,,,,,,,,
run,20260910_104021_convnextv2_base_AP_medsam3_seg_cv_5fold_holdout15pct,convnextv2_base,convnextv2_base,AP,medsam3_seg,e50_do0.2_wbce,512,64,2e-05,0.05,50,3,8,0.2,weighted_bce,0.0,cosine,42,5,5,False,youden,True,0.0,7,0.5,0.05,0.1,0.3,5,0.7966077118611792,0.005672789638349726,0.7935383538973483,0.7916485115050096,3280,1582,0.4823170731707317,0.44788289070129395,0.7974928487295978,0.7829996829055638,0.8132454357742054,0.7804826922084322,0.7587394715122704,0.8033977315702528,0.7365853658536585,0.7149178255372945,0.7567726737338045,0.7325129533678757,0.7236084452975048,0.4722051322130116,1763,0.7804433082182788,0.8137645432768544,0.7526858433189897,0.8063423057693481,3280,1582,0.03332123505857565,0.030245752868641618,0.05365646245035838,0.04465826005798246,2000,0,42,42,0.15,1698,16,5,22,2,False,cv5,cv_5fold_holdout15pct,cxr_medsam3_lung_seg_ap,2.1.0,pneumonia,cxr_medsam3_lung_seg_ap,22894,19614,3280,10188,1763,11951,1582,0.482317,,,,,,,,,,,,,,,,,,,,,,,,,,,,,,,,,,,,,,,,,
run,20260910_133001_dinov3_base_AP_medsam3_seg_cv_5fold_holdout15pct,vit_base_patch16_dinov3,dinov3_base,AP,medsam3_seg,e50_do0.2_wbce,512,64,2e-05,0.05,50,3,8,0.2,weighted_bce,0.0,cosine,42,5,5,False,youden,True,0.0,7,0.5,0.05,0.1,0.3,5,0.7970387464063622,0.0053913646130573836,0.7874058005192065,0.7902935087226519,3280,1582,0.4823170731707317,0.4407099485397339,0.7999535409398132,0.7848532533562462,0.8154223732351109,0.7900066179687654,0.7696598167152268,0.811416146681428,0.7356707317073171,0.7503160556257902,0.7220259128386337,0.7154912597950572,0.7324899722307929,0.4720781690890802,1763,0.7820167646909091,0.8172950200577369,0.7642249211511648,0.8142768303452839,3280,1582,0.035278255366827826,0.03056911987886468,0.05005190919411906,0.04175632996620127,2000,0,42,42,0.15,1698,16,5,22,2,False,cv5,cv_5fold_holdout15pct,cxr_medsam3_lung_seg_ap,2.1.0,pneumonia,cxr_medsam3_lung_seg_ap,22894,19614,3280,10188,1763,11951,1582,0.482317,,,,,,,,,,,,,,,,,,,,,,,,,,,,,,,,,,,,,,,,,
run,20260910_151857_eva_x_base_AP_medsam3_seg_cv_5fold_holdout15pct,eva_x_base,eva_x_base,AP,medsam3_seg,e50_do0.2_wbce,512,64,2e-05,0.05,50,3,9,0.2,weighted_bce,0.0,cosine,42,5,5,False,youden,True,0.0,7,0.5,0.05,0.1,0.3,5,0.801127360996776,0.0056855814307483436,0.7854007400448104,0.7883376218613563,3280,1582,0.4823170731707317,0.4970703423023224,0.8063773994541061,0.7912713784604151,0.8212430146265529,0.7946145979612078,0.7743672391664792,0.8147146730875573,0.7384146341463415,0.7243994943109987,0.751472320376914,0.7308673469387755,0.7276190476190476,0.47603310488166906,1763,0.7898505633796301,0.8235792798470322,0.768489607232262,0.8189590738395239,3280,1582,0.03372871646740205,0.02997163616613785,0.050469466607261926,0.04034743392107809,2000,0,42,42,0.15,1698,16,5,22,2,False,cv5,cv_5fold_holdout15pct,cxr_medsam3_lung_seg_ap,2.1.0,pneumonia,cxr_medsam3_lung_seg_ap,22894,19614,3280,10188,1763,11951,1582,0.482317,,,,,,,,,,,,,,,,,,,,,,,,,,,,,,,,,,,,,,,,,
run,20260910_235159_convnextv2_base_AP_medsam3_crop_cv_5fold_holdout15pct,convnextv2_base,convnextv2_base,AP,medsam3_crop,e50_do0.2_wbce,512,64,2e-05,0.05,50,3,8,0.2,weighted_bce,0.0,cosine,42,5,5,False,youden,True,0.0,7,0.5,0.05,0.1,0.3,5,0.8022695490575688,0.005418975508473881,0.7947951493134819,0.791932019083557,3280,1582,0.4823170731707317,0.4393864572048187,0.8071446440297874,0.7920636176724406,0.822398780619383,0.7916220752842398,0.7705599473030792,0.8131029883570798,0.7451219512195122,0.7351453855878635,0.7544169611307421,0.7360759493670886,0.7356103731815307,0.4895838534527989,1763,0.7893117024495371,0.8245335158853158,0.7641240212077233,0.8173255574446056,3280,1582,0.03522181343577868,0.030335162946942384,0.053201536236882285,0.04254304105400064,2000,0,42,42,0.15,1698,16,5,22,2,False,cv5,cv_5fold_holdout15pct,cxr_medsam3_lung_seg_cropped_ap,2.1.0,pneumonia,cxr_medsam3_lung_seg_cropped_ap,22894,19614,3280,10188,1763,11951,1582,0.482317,,,,,,,,,,,,,,,,,,,,,,,,,,,,,,,,,,,,,,,,,
run,20260911_091737_dinov3_base_AP_medsam3_crop_cv_5fold_holdout15pct,vit_base_patch16_dinov3,dinov3_base,AP,medsam3_crop,e50_do0.2_wbce,512,64,2e-05,0.05,50,3,8,0.2,weighted_bce,0.0,cosine,42,5,5,False,youden,True,0.0,7,0.5,0.05,0.1,0.3,5,0.8036963281467443,0.0036879327879126224,0.8007339300523454,0.8035605299391322,3280,1582,0.4823170731707317,0.526829719543457,0.8090473063424063,0.7944362385079239,0.8241064592488689,0.794109255194171,0.7738329475366447,0.8152329016347338,0.7408536585365854,0.7256637168141593,0.7550058892815077,0.7340153452685422,0.729815638906548,0.48088555071781336,1763,0.7922193881545203,0.8255421382170126,0.7674865102259248,0.8189725458215563,3280,1582,0.0333227500624923,0.029670220740945052,0.051486035595631474,0.041399954098089164,2000,0,42,42,0.15,1698,16,5,22,2,False,cv5,cv_5fold_holdout15pct,cxr_medsam3_lung_seg_cropped_ap,2.1.0,pneumonia,cxr_medsam3_lung_seg_cropped_ap,22894,19614,3280,10188,1763,11951,1582,0.482317,,,,,,,,,,,,,,,,,,,,,,,,,,,,,,,,,,,,,,,,,
run,20260911_103605_eva_x_base_AP_medsam3_crop_cv_5fold_holdout15pct,eva_x_base,eva_x_base,AP,medsam3_crop,e50_do0.2_wbce,512,64,2e-05,0.05,50,3,9,0.2,weighted_bce,0.0,cosine,42,5,5,False,youden,True,0.0,7,0.5,0.05,0.1,0.3,5,0.8121793470186075,0.006612285376983994,0.8071173642296259,0.8103008724420514,3280,1582,0.4823170731707317,0.528533399105072,0.8137490525776587,0.7988293397464158,0.8275420111118029,0.8028175435917962,0.7826798251149845,0.8227640678734244,0.7524390243902439,0.7237673830594185,0.7791519434628975,0.7532894736842105,0.7382333978078659,0.5039556051906365,1763,0.7962701520274514,0.8294667100570796,0.7782435466507771,0.8257651572449964,3280,1582,0.033196558029628176,0.028712671365387132,0.04752161059421933,0.040084242758439914,2000,0,42,42,0.15,1698,16,5,22,2,False,cv5,cv_5fold_holdout15pct,cxr_medsam3_lung_seg_cropped_ap,2.1.0,pneumonia,cxr_medsam3_lung_seg_cropped_ap,22894,19614,3280,10188,1763,11951,1582,0.482317,,,,,,,,,,,,,,,,,,,,,,,,,,,,,,,,,,,,,,,,,
run,20260911_192830_convnextv2_base_AP_chexmask_seg_cv_5fold_holdout15pct,convnextv2_base,convnextv2_base,AP,chexmask_seg,e50_do0.2_wbce,512,64,2e-05,0.05,50,3,8,0.2,weighted_bce,0.0,cosine,42,5,5,False,youden,True,0.0,7,0.5,0.05,0.1,0.3,5,0.7975451004850089,0.00639915819247067,0.7890997943804718,0.7922283075000637,3280,1582,0.4823170731707317,0.521349310874939,0.795783765834424,0.7813113546972614,0.8109230142798957,0.7798593390827564,0.7577020944178824,0.8024650657400294,0.7286585365853658,0.7029077117572693,0.7526501766784452,0.7258485639686684,0.714193962748876,0.4562633207527679,1763,0.7782903240331489,0.8114518387904245,0.753162049895518,0.8055662063055276,3280,1582,0.03316151475727558,0.02961165958263423,0.052404156410009506,0.044762971322147016,2000,0,42,42,0.15,1698,16,5,22,2,False,cv5,cv_5fold_holdout15pct,cxr_chexmask_lung_seg_ap,2.1.0,pneumonia,cxr_chexmask_lung_seg_ap,22894,19614,3280,10188,1763,11951,1582,0.482317,,,,,,,,,,,,,,,,,,,,,,,,,,,,,,,,,,,,,,,,,
run,20260911_222254_dinov3_base_AP_chexmask_seg_cv_5fold_holdout15pct,vit_base_patch16_dinov3,dinov3_base,AP,chexmask_seg,e50_do0.2_wbce,512,64,2e-05,0.05,50,3,8,0.2,weighted_bce,0.0,cosine,42,5,5,False,youden,True,0.0,7,0.5,0.05,0.1,0.3,5,0.7977162522995049,0.0058714012710671904,0.7887002192173528,0.7943175201441074,3280,1582,0.4823170731707317,0.5318781137466431,0.799150186357416,0.7844448034884921,0.8143092834797981,0.7885722362404063,0.7681952460981012,0.8090985282561584,0.7310975609756097,0.6744627054361567,0.7838633686690224,0.7440725244072525,0.7075596816976127,0.46169611848894115,1763,0.782233786772312,0.8159702186696771,0.7642801777229415,0.813274931224848,3280,1582,0.03373643189736508,0.029864479991306037,0.04899475350190641,0.040903282158057164,2000,0,42,42,0.15,1698,16,5,22,2,False,cv5,cv_5fold_holdout15pct,cxr_chexmask_lung_seg_ap,2.1.0,pneumonia,cxr_chexmask_lung_seg_ap,22894,19614,3280,10188,1763,11951,1582,0.482317,,,,,,,,,,,,,,,,,,,,,,,,,,,,,,,,,,,,,,,,,
run,20260911_234000_eva_x_base_AP_chexmask_seg_cv_5fold_holdout15pct,eva_x_base,eva_x_base,AP,chexmask_seg,e50_do0.2_wbce,512,64,2e-05,0.05,50,3,9,0.2,weighted_bce,0.0,cosine,42,5,5,False,youden,True,0.0,7,0.5,0.05,0.1,0.3,5,0.8034186354260875,0.006200557421290817,0.7959678966986222,0.7994580937816429,3280,1582,0.4823170731707317,0.4946291148662567,0.8075965775158995,0.7926196867287177,0.822242645818169,0.7951281203948997,0.7748314631862159,0.8163402842835614,0.7371951219512195,0.7300884955752213,0.7438162544169611,0.7264150943396226,0.7282471626733922,0.47382855509380944,1763,0.7902831778552758,0.8236053013604413,0.7701449576324808,0.8184712482828127,3280,1582,0.0333221235051655,0.02962295908945123,0.04832629065033189,0.04150882109734555,2000,0,42,42,0.15,1698,16,5,22,2,False,cv5,cv_5fold_holdout15pct,cxr_chexmask_lung_seg_ap,2.1.0,pneumonia,cxr_chexmask_lung_seg_ap,22894,19614,3280,10188,1763,11951,1582,0.482317,,,,,,,,,,,,,,,,,,,,,,,,,,,,,,,,,,,,,,,,,
run,20260912_075603_convnextv2_base_AP_chexmask_crop_cv_5fold_holdout15pct,convnextv2_base,convnextv2_base,AP,chexmask_crop,e50_do0.2_wbce,512,64,2e-05,0.05,50,3,8,0.2,weighted_bce,0.0,cosine,42,5,5,False,youden,True,0.0,7,0.5,0.05,0.1,0.3,5,0.8031210702412311,0.005399416173203467,0.8006527725208407,0.8004162941235631,3280,1582,0.4823170731707317,0.49389681220054626,0.801300034695388,0.7858227822920918,0.8166961743757725,0.7873944736165381,0.766472845797856,0.8089509245688679,0.7341463414634146,0.6991150442477876,0.7667844522968198,0.7363515312916112,0.7172503242542153,0.46726524441015094,1763,0.7837403262595667,0.8181119908332093,0.7609724038291306,0.8132352327890064,3280,1582,0.0343716645736426,0.030873392083680673,0.052262828959875884,0.04247807877101184,2000,0,42,42,0.15,1698,16,5,22,2,False,cv5,cv_5fold_holdout15pct,cxr_chexmask_lung_seg_cropped_ap,2.1.0,pneumonia,cxr_chexmask_lung_seg_cropped_ap,22894,19614,3280,10188,1763,11951,1582,0.482317,,,,,,,,,,,,,,,,,,,,,,,,,,,,,,,,,,,,,,,,,
run,20260912_104931_dinov3_base_AP_chexmask_crop_cv_5fold_holdout15pct,vit_base_patch16_dinov3,dinov3_base,AP,chexmask_crop,e50_do0.2_wbce,512,64,2e-05,0.05,50,3,8,0.2,weighted_bce,0.0,cosine,42,5,5,False,youden,True,0.0,7,0.5,0.05,0.1,0.3,5,0.802643785939211,0.002659520968495169,0.782414656520958,0.7793096286465482,3280,1582,0.4823170731707317,0.5,0.8071714473337414,0.79226426593251,0.8223055398504334,0.7900409209575509,0.769063636541729,0.8116035002997384,0.7445121951219512,0.718078381795196,0.7691401648998822,0.743455497382199,0.7305466237942122,0.48805320209061215,1763,0.7901599133312464,0.8230751200344132,0.763709934542833,0.8151532056877121,3280,1582,0.03291520670316683,0.03004127391792344,0.05144327114487912,0.04253986375800933,2000,0,42,42,0.15,1698,16,5,22,2,False,cv5,cv_5fold_holdout15pct,cxr_chexmask_lung_seg_cropped_ap,2.1.0,pneumonia,cxr_chexmask_lung_seg_cropped_ap,22894,19614,3280,10188,1763,11951,1582,0.482317,,,,,,,,,,,,,,,,,,,,,,,,,,,,,,,,,,,,,,,,,
run,20260912_120123_eva_x_base_AP_chexmask_crop_cv_5fold_holdout15pct,eva_x_base,eva_x_base,AP,chexmask_crop,e50_do0.2_wbce,512,64,2e-05,0.05,50,3,9,0.2,weighted_bce,0.0,cosine,42,5,5,False,youden,True,0.0,7,0.5,0.05,0.1,0.3,5,0.8114829166289781,0.005799150239261405,0.807920086090304,0.8075907235306234,3280,1582,0.4823170731707317,0.5556763410568237,0.8130949775075608,0.798300012364385,0.8271993640291136,0.8032818180460273,0.7829451387885926,0.8230695804134287,0.7457317073170732,0.7174462705436156,0.7720848056537103,0.7457293035479632,0.7313144329896907,0.4904961328191557,1763,0.7963570981141689,0.8298557593513654,0.7790823674008491,0.8272191203831378,3280,1582,0.03349866123719647,0.02889935166472868,0.0481367529822887,0.04012444162483608,2000,0,42,42,0.15,1698,16,5,22,2,False,cv5,cv_5fold_holdout15pct,cxr_chexmask_lung_seg_cropped_ap,2.1.0,pneumonia,cxr_chexmask_lung_seg_cropped_ap,22894,19614,3280,10188,1763,11951,1582,0.482317,,,,,,,,,,,,,,,,,,,,,,,,,,,,,,,,,,,,,,,,,
run,20260912_204440_convnextv2_base_PA_raw_cv_5fold_holdout15pct,convnextv2_base,convnextv2_base,PA,raw,e50_do0.2_wbce,512,64,2e-05,0.05,50,3,8,0.2,weighted_bce,0.0,cosine,42,5,5,False,youden,True,0.0,7,0.5,0.05,0.1,0.3,5,0.7951347651381001,0.008039421110501007,0.7856291891899627,0.6757450304037599,2521,750,0.29750099166997224,0.5923129320144653,0.8109113495200453,0.7921416836418118,0.8293927845207555,0.6948410650426782,0.6616440966660917,0.7263076083621138,0.7719159063863547,0.6413333333333333,0.8272162619988707,0.6111817026683609,0.6258945998698764,0.46225707475344713,1743,0.7896970974602114,0.8321310083615051,0.6586517304700383,0.7326883576070405,2521,750,0.04243391090129367,0.03725110087894368,0.07403662713700221,0.06466351169602214,2000,0,42,42,0.15,1771,16,5,22,2,False,cv5,cv_5fold_holdout15pct,cxr_medsam3_lung_seg_pa,2.1.0,pneumonia,cxr_medsam3_lung_seg_pa,18609,16088,2521,10642,1743,12385,750,0.297501,,,,,,,,,,,,,,,,,,,,,,,,,,,,,,,,,,,,,,,,,
run,20260912_231315_dinov3_base_PA_raw_cv_5fold_holdout15pct,vit_base_patch16_dinov3,dinov3_base,PA,raw,e50_do0.2_wbce,512,64,2e-05,0.05,50,3,8,0.2,weighted_bce,0.0,cosine,42,5,5,False,youden,True,0.0,7,0.5,0.05,0.1,0.3,5,0.7977676345281587,0.010696218927969804,0.7833111364619296,0.6778627463951483,2521,750,0.29750099166997224,0.4975586533546448,0.8099582156973462,0.7911846934430433,0.8295168233717175,0.6963091449536445,0.663922701897482,0.726857233948697,0.7639825466084887,0.6306666666666667,0.8204404291360813,0.5979772439949431,0.6138870863075925,0.44443502501142834,1743,0.7887323077477836,0.8305214150462638,0.659904671804625,0.7299385816252568,2521,750,0.04178910729848018,0.038332129928674186,0.07003390982063185,0.06293453205121491,2000,0,42,42,0.15,1771,16,5,22,2,False,cv5,cv_5fold_holdout15pct,cxr_medsam3_lung_seg_pa,2.1.0,pneumonia,cxr_medsam3_lung_seg_pa,18609,16088,2521,10642,1743,12385,750,0.297501,,,,,,,,,,,,,,,,,,,,,,,,,,,,,,,,,,,,,,,,,
run,20260913_004127_eva_x_base_PA_raw_cv_5fold_holdout15pct,eva_x_base,eva_x_base,PA,raw,e50_do0.2_wbce,512,64,2e-05,0.05,50,3,9,0.2,weighted_bce,0.0,cosine,42,5,5,False,youden,True,0.0,7,0.5,0.05,0.1,0.3,5,0.8161870044342668,0.008708235620412378,0.8136338424841322,0.7260032939891247,2521,750,0.29750099166997224,0.3551037311553955,0.8261313758705063,0.8080831820838446,0.8446287034971098,0.7279927234686776,0.6980089805937633,0.7568241132648835,0.7647758825862753,0.7066666666666667,0.7893845285149633,0.5869324473975637,0.6412583182093164,0.47296965595988016,1743,0.804771911279985,0.8462479404540185,0.6915082318340862,0.761354846371351,2521,750,0.04147602917403348,0.03654552141326528,0.06984661453726482,0.05881513267112026,2000,0,42,42,0.15,1771,16,5,22,2,False,cv5,cv_5fold_holdout15pct,cxr_medsam3_lung_seg_pa,2.1.0,pneumonia,cxr_medsam3_lung_seg_pa,18609,16088,2521,10642,1743,12385,750,0.297501,,,,,,,,,,,,,,,,,,,,,,,,,,,,,,,,,,,,,,,,,
run,20260913_080912_convnextv2_base_PA_chexmask_crop_cv_5fold_holdout15pct,convnextv2_base,convnextv2_base,PA,chexmask_crop,e50_do0.2_wbce,512,64,2e-05,0.05,50,3,8,0.2,weighted_bce,0.0,cosine,42,5,5,False,youden,True,0.0,7,0.5,0.05,0.1,0.3,5,0.7956561073953461,0.005625883663119138,0.7916082858542076,0.6728660030651733,2521,750,0.29750099166997224,0.404272198677063,0.8053717297195558,0.785714134966981,0.8239836293468652,0.6851939870486371,0.6501240019656693,0.7167532344171536,0.7441491471638239,0.708,0.7594579333709769,0.554858934169279,0.6221441124780316,0.44036024407454294,1743,0.7838111368695134,0.827340191186329,0.6472181665818427,0.7232937184556202,2521,750,0.04352905431681553,0.03826949437988425,0.07607555187377746,0.06662923245148422,2000,0,42,42,0.15,1771,16,5,22,2,False,cv5,cv_5fold_holdout15pct,cxr_chexmask_lung_seg_cropped_pa,2.1.0,pneumonia,cxr_chexmask_lung_seg_cropped_pa,18609,16088,2521,10642,1743,12385,750,0.297501,,,,,,,,,,,,,,,,,,,,,,,,,,,,,,,,,,,,,,,,,
run,20260913_103307_dinov3_base_PA_chexmask_crop_cv_5fold_holdout15pct,vit_base_patch16_dinov3,dinov3_base,PA,chexmask_crop,e50_do0.2_wbce,512,64,2e-05,0.05,50,3,8,0.2,weighted_bce,0.0,cosine,42,5,5,False,youden,True,0.0,7,0.5,0.05,0.1,0.3,5,0.7948814441291242,0.020891614838437742,0.7873804794166497,0.6732218084438104,2521,750,0.29750099166997224,0.4328423738479614,0.8081949934123848,0.7884380975963824,0.8273092445135799,0.6900241400819132,0.6569930596759459,0.7202940143499487,0.7612058706862356,0.6733333333333333,0.7984189723320159,0.58584686774942,0.6265508684863523,0.45464991873915717,1743,0.787265125013758,0.8287982590816128,0.6533754622669072,0.7265063360035915,2521,750,0.04153313406785475,0.03887114691719751,0.07313087373668425,0.06330095467400276,2000,0,42,42,0.15,1771,16,5,22,2,False,cv5,cv_5fold_holdout15pct,cxr_chexmask_lung_seg_cropped_pa,2.1.0,pneumonia,cxr_chexmask_lung_seg_cropped_pa,18609,16088,2521,10642,1743,12385,750,0.297501,,,,,,,,,,,,,,,,,,,,,,,,,,,,,,,,,,,,,,,,,
run,20260913_113626_eva_x_base_PA_chexmask_crop_cv_5fold_holdout15pct,eva_x_base,eva_x_base,PA,chexmask_crop,e50_do0.2_wbce,512,64,2e-05,0.05,50,3,9,0.2,weighted_bce,0.0,cosine,42,5,5,False,youden,True,0.0,7,0.5,0.05,0.1,0.3,5,0.8165374179043748,0.007939874589113535,0.8042342454977556,0.7128896956383074,2521,750,0.29750099166997224,0.5302364826202393,0.8238042537172972,0.8050155443620133,0.8414818863176656,0.7228030108611969,0.6922312553485609,0.7525314984166773,0.7846092820309402,0.6626666666666666,0.8362507058159232,0.6315120711562897,0.6467143786597267,0.49221701916946803,1743,0.8012733318696551,0.8436797474877852,0.688748918376893,0.7557463011310481,2521,750,0.04240641561813008,0.03646634195565235,0.06699738275415512,0.06030024306811643,2000,0,42,42,0.15,1771,16,5,22,2,False,cv5,cv_5fold_holdout15pct,cxr_chexmask_lung_seg_cropped_pa,2.1.0,pneumonia,cxr_chexmask_lung_seg_cropped_pa,18609,16088,2521,10642,1743,12385,750,0.297501,,,,,,,,,,,,,,,,,,,,,,,,,,,,,,,,,,,,,,,,,
run,20260913_190041_swint_base_AP_raw_cv_5fold_holdout15pct,swinv2_base_window16_256,swint_base,AP,raw,e50_do0.2_wbce,512,64,2e-05,0.05,50,3,8,0.2,weighted_bce,0.0,cosine,42,5,5,False,youden,True,0.0,7,0.5,0.05,0.1,0.3,5,0.7906104807257527,0.006505377431609609,0.7877285798937541,0.7838241200633158,3280,1582,0.4823170731707317,0.5257949829101562,0.7996077038651853,0.7844216073136295,0.8146412725478939,0.7848594900947714,0.7640837381596814,0.8066774560032872,0.7344512195121952,0.7111251580278128,0.7561837455830389,0.7309941520467836,0.7209227811598846,0.4679047378655283,1763,0.7828048811592951,0.8163759464373135,0.7583471120505156,0.8095703437889508,3280,1582,0.03357106527801834,0.030219665234264337,0.05122323173843513,0.04259371784360577,2000,0,42,42,0.15,1698,16,5,22,2,False,cv5,cv_5fold_holdout15pct,cxr_medsam3_lung_seg_ap,2.1.0,pneumonia,cxr_medsam3_lung_seg_ap,22894,19614,3280,10188,1763,11951,1582,0.482317,,,,,,,,,,,,,,,,,,,,,,,,,,,,,,,,,,,,,,,,,
run,20260913_232648_swint_base_AP_medsam3_seg_cv_5fold_holdout15pct,swinv2_base_window16_256,swint_base,AP,medsam3_seg,e50_do0.2_wbce,512,64,2e-05,0.05,50,3,8,0.2,weighted_bce,0.0,cosine,42,5,5,False,youden,True,0.0,7,0.5,0.05,0.1,0.3,5,0.7911158038025923,0.005473609849972836,0.786592234086706,0.7849203969793874,3280,1582,0.4823170731707317,0.5667380690574646,0.7952584955305491,0.7798790209887095,0.8106177329610763,0.7783613890282355,0.7570849542308611,0.8001873853749293,0.7350609756097561,0.6984829329962073,0.7691401648998822,0.7381429525718103,0.7177655082819097,0.46911731770898085,1763,0.7771570204786834,0.8122270706284324,0.7506017374482181,0.8058981473596837,3280,1582,0.035070050149748955,0.030738711972366772,0.05529640991146556,0.0431024311440682,2000,0,42,42,0.15,1698,16,5,22,2,False,cv5,cv_5fold_holdout15pct,cxr_medsam3_lung_seg_ap,2.1.0,pneumonia,cxr_medsam3_lung_seg_ap,22894,19614,3280,10188,1763,11951,1582,0.482317,,,,,,,,,,,,,,,,,,,,,,,,,,,,,,,,,,,,,,,,,
run,20260914_034547_swint_base_AP_medsam3_crop_cv_5fold_holdout15pct,swinv2_base_window16_256,swint_base,AP,medsam3_crop,e50_do0.2_wbce,512,64,2e-05,0.05,50,3,8,0.2,weighted_bce,0.0,cosine,42,5,5,False,youden,True,0.0,7,0.5,0.05,0.1,0.3,5,0.7964042925390561,0.0029015773032299527,0.7884942919237499,0.7817295936601627,3280,1582,0.4823170731707317,0.4863315224647522,0.8009575480337543,0.785479588717363,0.8162272398121246,0.7902274549654074,0.7699707757137669,0.8106339737673491,0.7353658536585366,0.7465233881163085,0.7249705535924618,0.716626213592233,0.7312693498452012,0.471204596711451,1763,0.7839728169284268,0.8176772252814148,0.7636759566115795,0.8158591333689628,3280,1582,0.03370440835298805,0.03074765109476163,0.052183176757383265,0.040663198053582206,2000,0,42,42,0.15,1698,16,5,22,2,False,cv5,cv_5fold_holdout15pct,cxr_medsam3_lung_seg_cropped_ap,2.1.0,pneumonia,cxr_medsam3_lung_seg_cropped_ap,22894,19614,3280,10188,1763,11951,1582,0.482317,,,,,,,,,,,,,,,,,,,,,,,,,,,,,,,,,,,,,,,,,
run,20260914_081823_swint_base_AP_chexmask_seg_cv_5fold_holdout15pct,swinv2_base_window16_256,swint_base,AP,chexmask_seg,e50_do0.2_wbce,512,64,2e-05,0.05,50,3,8,0.2,weighted_bce,0.0,cosine,42,5,5,False,youden,True,0.0,7,0.5,0.05,0.1,0.3,5,0.7918862781306565,0.0064972038090634196,0.7882823652840862,0.7855791083487202,3280,1582,0.4823170731707317,0.5544704794883728,0.798496855823539,0.7836747523568964,0.8139261849878356,0.783383399551412,0.7622726212472101,0.8043267743611073,0.7375,0.7060682680151706,0.7667844522968198,0.7382683410442828,0.7218093699515348,0.4739802390238619,1763,0.7810965661567731,0.8151610860859413,0.7561764507918545,0.8090108042886968,3280,1582,0.03406451992916815,0.030251432630939212,0.05283435349684229,0.042054153113897264,2000,0,42,42,0.15,1698,16,5,22,2,False,cv5,cv_5fold_holdout15pct,cxr_chexmask_lung_seg_ap,2.1.0,pneumonia,cxr_chexmask_lung_seg_ap,22894,19614,3280,10188,1763,11951,1582,0.482317,,,,,,,,,,,,,,,,,,,,,,,,,,,,,,,,,,,,,,,,,
run,20260914_124109_swint_base_AP_chexmask_crop_cv_5fold_holdout15pct,swinv2_base_window16_256,swint_base,AP,chexmask_crop,e50_do0.2_wbce,512,64,2e-05,0.05,50,3,8,0.2,weighted_bce,0.0,cosine,42,5,5,False,youden,True,0.0,7,0.5,0.05,0.1,0.3,5,0.7957995418613525,0.0033442104485233736,0.792483415161329,0.7894569051133444,3280,1582,0.4823170731707317,0.5109845399856567,0.8025099060544196,0.7871194349041216,0.8173653922630028,0.791603244392052,0.7718693360058695,0.8122718690791226,0.7320121951219513,0.695322376738306,0.7661955241460542,0.7348029392117569,0.7145177005521273,0.46299261245144924,1763,0.7853291127460301,0.8187257008952012,0.7667150807110789,0.8156412318628765,3280,1582,0.033396588149171125,0.030245957358881137,0.04892615115179766,0.040402533073253144,2000,0,42,42,0.15,1698,16,5,22,2,False,cv5,cv_5fold_holdout15pct,cxr_chexmask_lung_seg_cropped_ap,2.1.0,pneumonia,cxr_chexmask_lung_seg_cropped_ap,22894,19614,3280,10188,1763,11951,1582,0.482317,,,,,,,,,,,,,,,,,,,,,,,,,,,,,,,,,,,,,,,,,
run,20260914_172603_swint_base_PA_raw_cv_5fold_holdout15pct,swinv2_base_window16_256,swint_base,PA,raw,e50_do0.2_wbce,512,64,2e-05,0.05,50,3,8,0.2,weighted_bce,0.0,cosine,42,5,5,False,youden,True,0.0,7,0.5,0.05,0.1,0.3,5,0.7819655177971094,0.012831061890916349,0.7792505398973113,0.6523786308649174,2521,750,0.29750099166997224,0.4931301772594452,0.7966068134763786,0.7768957030676145,0.8154430335809726,0.6785754749850883,0.6449151892257295,0.7104900970172676,0.7493058310194367,0.684,0.7769621682665161,0.5649779735682819,0.6188178528347407,0.43898035775739336,1743,0.7737266258341443,0.817473932197005,0.6419639288765385,0.7131373161741748,2521,750,0.04374730636286073,0.038547330513358125,0.07117338729763623,0.06557490779153807,2000,0,42,42,0.15,1771,16,5,22,2,False,cv5,cv_5fold_holdout15pct,cxr_medsam3_lung_seg_pa,2.1.0,pneumonia,cxr_medsam3_lung_seg_pa,18609,16088,2521,10642,1743,12385,750,0.297501,,,,,,,,,,,,,,,,,,,,,,,,,,,,,,,,,,,,,,,,,
run,20260914_212018_swint_base_PA_chexmask_crop_cv_5fold_holdout15pct,swinv2_base_window16_256,swint_base,PA,chexmask_crop,e50_do0.2_wbce,512,64,2e-05,0.05,50,3,8,0.2,weighted_bce,0.0,cosine,42,5,5,False,youden,True,0.0,7,0.5,0.05,0.1,0.3,5,0.7850139983293882,0.010035589359691524,0.7822719615774124,0.6591933150795641,2521,750,0.29750099166997224,0.5722447633743286,0.7942706568793525,0.7742501258614727,0.8137640608016459,0.6648181989476751,0.630367510191344,0.6964020254486636,0.7580325267750893,0.632,0.8114059853190287,0.5866336633663366,0.6084724005134788,0.434367278269297,1743,0.7727477114059228,0.8148618048509956,0.6260401070306384,0.7018354968203362,2521,750,0.042114093445072776,0.03951393494017319,0.0757953897896978,0.06603451525731963,2000,0,42,42,0.15,1771,16,5,22,2,False,cv5,cv_5fold_holdout15pct,cxr_chexmask_lung_seg_cropped_pa,2.1.0,pneumonia,cxr_chexmask_lung_seg_cropped_pa,18609,16088,2521,10642,1743,12385,750,0.297501,,,,,,,,,,,,,,,,,,,,,,,,,,,,,,,,,,,,,,,,,
run,20260915_124445_rad_dino_AP_raw_cv_5fold_holdout15pct,microsoft/rad-dino,rad_dino,AP,raw,e50_do0.2_wbce,512,64,2e-05,0.05,50,3,9,0.2,weighted_bce,0.0,cosine,42,5,5,False,youden,False,0.0,7,0.5,0.05,0.1,0.3,5,0.8106588121429275,0.004016402894761854,0.80362856773806,0.8075084515157697,3280,1582,0.4823170731707317,0.4857785105705261,0.8131478395792476,0.7991460989781024,0.8270851447687219,0.8011676548800983,0.7813312479232377,0.8205473896280986,0.7472560975609757,0.7433628318584071,0.7508833922261484,0.7354596622889306,0.7393901288902861,0.49409146744136034,1763,0.7959181455202421,0.8304902765398243,0.7756369514655888,0.8264569338845903,3280,1582,0.03457213101958223,0.027939045790619454,0.05081998241900154,0.039216141704860874,2000,0,42,42,0.15,1698,16,5,22,2,False,cv5,cv_5fold_holdout15pct,cxr_medsam3_lung_seg_ap,2.1.0,pneumonia,cxr_medsam3_lung_seg_ap,22894,19614,3280,10188,1763,11951,1582,0.482317,,,,,,,,,,,,,,,,,,,,,,,,,,,,,,,,,,,,,,,,,
run,20260915_162728_rad_dino_AP_medsam3_seg_cv_5fold_holdout15pct,microsoft/rad-dino,rad_dino,AP,medsam3_seg,e50_do0.2_wbce,512,64,2e-05,0.05,50,3,9,0.2,weighted_bce,0.0,cosine,42,5,5,False,youden,False,0.0,7,0.5,0.05,0.1,0.3,5,0.8002548553395842,0.005457166816087475,0.7943486035336731,0.7998060207793127,3280,1582,0.4823170731707317,0.5256994962692261,0.8044825547718071,0.79024125727909,0.8187051118866313,0.789194994139062,0.7680371322156987,0.809756591296664,0.7384146341463415,0.7199747155499368,0.7555948174322733,0.732947232947233,0.7264030612244898,0.47592684664723056,1763,0.7861448240601084,0.8217094992667778,0.7606519266553239,0.8157515316378133,3280,1582,0.035564675206669394,0.028463854607541306,0.05509960498248945,0.041719459080965304,2000,0,42,42,0.15,1698,16,5,22,2,False,cv5,cv_5fold_holdout15pct,cxr_medsam3_lung_seg_ap,2.1.0,pneumonia,cxr_medsam3_lung_seg_ap,22894,19614,3280,10188,1763,11951,1582,0.482317,,,,,,,,,,,,,,,,,,,,,,,,,,,,,,,,,,,,,,,,,
run,20260915_195640_rad_dino_AP_medsam3_crop_cv_5fold_holdout15pct,microsoft/rad-dino,rad_dino,AP,medsam3_crop,e50_do0.2_wbce,512,64,2e-05,0.05,50,3,9,0.2,weighted_bce,0.0,cosine,42,5,5,False,youden,False,0.0,7,0.5,0.05,0.1,0.3,5,0.8109545608054989,0.005312557405235073,0.8051649617935752,0.8059013545200839,3280,1582,0.4823170731707317,0.5591604113578796,0.8152891257506786,0.8008604930321315,0.8295881322838651,0.8034051758422472,0.7835798193605946,0.8233417905741793,0.7484756097560976,0.7199747155499368,0.7750294464075382,0.7488494411571335,0.7341282629713181,0.4960019755244845,1763,0.7984313007391323,0.831643725614639,0.7767412167779644,0.8282798690291313,3280,1582,0.033212424875506685,0.028727639251733605,0.05153865225116694,0.03976197121358471,2000,0,42,42,0.15,1698,16,5,22,2,False,cv5,cv_5fold_holdout15pct,cxr_medsam3_lung_seg_cropped_ap,2.1.0,pneumonia,cxr_medsam3_lung_seg_cropped_ap,22894,19614,3280,10188,1763,11951,1582,0.482317,,,,,,,,,,,,,,,,,,,,,,,,,,,,,,,,,,,,,,,,,
run,20260915_233922_rad_dino_AP_chexmask_seg_cv_5fold_holdout15pct,microsoft/rad-dino,rad_dino,AP,chexmask_seg,e50_do0.2_wbce,512,64,2e-05,0.05,50,3,9,0.2,weighted_bce,0.0,cosine,42,5,5,False,youden,False,0.0,7,0.5,0.05,0.1,0.3,5,0.8000398769505214,0.00643362362157886,0.795374793237009,0.8017832274844516,3280,1582,0.4823170731707317,0.5188761949539185,0.8063807498671001,0.7921383377157383,0.8204632610890404,0.7929068462561228,0.7727592730113753,0.8135004052987523,0.7429878048780488,0.7243994943109987,0.7603062426383981,0.737926593689633,0.7311004784688995,0.48508555906193873,1763,0.7886091806672796,0.8232676931915699,0.766074219091444,0.8180553678648653,3280,1582,0.03465851252429031,0.02832492337330217,0.051981148773421304,0.04074113228737708,2000,0,42,42,0.15,1698,16,5,22,2,False,cv5,cv_5fold_holdout15pct,cxr_chexmask_lung_seg_ap,2.1.0,pneumonia,cxr_chexmask_lung_seg_ap,22894,19614,3280,10188,1763,11951,1582,0.482317,,,,,,,,,,,,,,,,,,,,,,,,,,,,,,,,,,,,,,,,,
run,20260916_030439_rad_dino_AP_chexmask_crop_cv_5fold_holdout15pct,microsoft/rad-dino,rad_dino,AP,chexmask_crop,e50_do0.2_wbce,512,64,2e-05,0.05,50,3,9,0.2,weighted_bce,0.0,cosine,42,5,5,False,youden,False,0.0,7,0.5,0.05,0.1,0.3,5,0.8093996100997701,0.005245249535903082,0.8012343191832397,0.8022605461352565,3280,1582,0.4823170731707317,0.4974863529205322,0.8119014859453897,0.7976418023487282,0.8260572403577339,0.7983234661338475,0.7780677097327242,0.8184115886039558,0.7478658536585366,0.7351453855878635,0.7597173144876325,0.7402928071292171,0.737710117348557,0.49499142907684235,1763,0.794765137103395,0.8286729817209362,0.7722047428995941,0.8226445324944954,3280,1582,0.03390784461754115,0.0284154380090057,0.05043978959490136,0.04034387887123159,2000,0,42,42,0.15,1698,16,5,22,2,False,cv5,cv_5fold_holdout15pct,cxr_chexmask_lung_seg_cropped_ap,2.1.0,pneumonia,cxr_chexmask_lung_seg_cropped_ap,22894,19614,3280,10188,1763,11951,1582,0.482317,,,,,,,,,,,,,,,,,,,,,,,,,,,,,,,,,,,,,,,,,
run,20260916_064318_rad_dino_PA_raw_cv_5fold_holdout15pct,microsoft/rad-dino,rad_dino,PA,raw,e50_do0.2_wbce,512,64,2e-05,0.05,50,3,9,0.2,weighted_bce,0.0,cosine,42,5,5,False,youden,False,0.0,7,0.5,0.05,0.1,0.3,5,0.8139409151492194,0.010692296358078736,0.8254144772136403,0.7430572285096615,2521,750,0.29750099166997224,0.5346723198890686,0.8140907208733295,0.7948677435517763,0.833429444795005,0.7073000764218162,0.6764776350294289,0.7373911324458697,0.7766759222530741,0.6426666666666667,0.8334274421230943,0.6203346203346203,0.6313032089063523,0.471355924495491,1743,0.7915933870605598,0.8354134079246105,0.6693959014131895,0.7426651747876107,2521,750,0.04382002086405068,0.038561701243228774,0.07326927337442124,0.06091349741644081,2000,0,42,42,0.15,1771,16,5,22,2,False,cv5,cv_5fold_holdout15pct,cxr_medsam3_lung_seg_pa,2.1.0,pneumonia,cxr_medsam3_lung_seg_pa,18609,16088,2521,10642,1743,12385,750,0.297501,,,,,,,,,,,,,,,,,,,,,,,,,,,,,,,,,,,,,,,,,
run,20260916_120955_rad_dino_PA_medsam3_seg_cv_5fold_holdout15pct,microsoft/rad-dino,rad_dino,PA,medsam3_seg,e50_do0.2_wbce,512,64,2e-05,0.05,50,3,9,0.2,weighted_bce,0.0,cosine,42,5,5,False,youden,False,0.0,7,0.5,0.05,0.1,0.3,5,0.7943562804110662,0.010306131134324648,0.7883908931656172,0.6879818587083038,2521,750,0.29750099166997224,0.43746379017829895,0.7997395068699417,0.780223027459242,0.819774797666102,0.6861283192652428,0.6538114111326921,0.7169903472067037,0.7532725109083697,0.6653333333333333,0.7905138339920948,0.5735632183908046,0.6160493827160494,0.43835504556881977,1743,0.7777811674856806,0.8222868272499703,0.6487998545445363,0.7212211809513288,2521,750,0.04450565976428966,0.03955177020685996,0.07242132640679255,0.0631789360740116,2000,0,42,42,0.15,1771,16,5,22,2,False,cv5,cv_5fold_holdout15pct,cxr_medsam3_lung_seg_pa,2.1.0,pneumonia,cxr_medsam3_lung_seg_pa,18609,16088,2521,10642,1743,12385,750,0.297501,,,,,,,,,,,,,,,,,,,,,,,,,,,,,,,,,,,,,,,,,
run,20260916_151509_rad_dino_PA_medsam3_crop_cv_5fold_holdout15pct,microsoft/rad-dino,rad_dino,PA,medsam3_crop,e50_do0.2_wbce,512,64,2e-05,0.05,50,3,9,0.2,weighted_bce,0.0,cosine,42,5,5,False,youden,False,0.0,7,0.5,0.05,0.1,0.3,5,0.8162591985089881,0.008515969532481873,0.8142176058930279,0.7229969448692329,2521,750,0.29750099166997224,0.5120108127593994,0.8158434029738376,0.7965377893145522,0.834822381042941,0.7114933235387828,0.6803810186514694,0.7410103522298556,0.7655692185640619,0.6706666666666666,0.805759457933371,0.5938606847697757,0.6299311208515967,0.461122217994327,1743,0.7946182772781185,0.8380860018927601,0.6761033775620955,0.7465755948315449,2521,750,0.043467724614641545,0.03828459172838883,0.07047221726944941,0.06062933357838618,2000,0,42,42,0.15,1771,16,5,22,2,False,cv5,cv_5fold_holdout15pct,cxr_medsam3_lung_seg_cropped_pa,2.1.0,pneumonia,cxr_medsam3_lung_seg_cropped_pa,18609,16088,2521,10642,1743,12385,750,0.297501,,,,,,,,,,,,,,,,,,,,,,,,,,,,,,,,,,,,,,,,,
run,20260916_180556_rad_dino_PA_chexmask_seg_cv_5fold_holdout15pct,microsoft/rad-dino,rad_dino,PA,chexmask_seg,e50_do0.2_wbce,512,64,2e-05,0.05,50,3,9,0.2,weighted_bce,0.0,cosine,42,5,5,False,youden,False,0.0,7,0.5,0.05,0.1,0.3,5,0.7961210889954212,0.006509228868326372,0.7932157435737284,0.6964961170700548,2521,750,0.29750099166997224,0.5090215802192688,0.8015140222096744,0.7823752538351054,0.821184810290299,0.6898532152291401,0.6578604524178567,0.7205372932044078,0.7612058706862356,0.6613333333333333,0.8035008469791078,0.5876777251184834,0.6223337515683814,0.4502982020235921,1743,0.7796507730262479,0.8228946130270283,0.6502604954626219,0.7243551557750115,2521,750,0.04324384000078041,0.03880955645519357,0.07409466031238965,0.06267684078655111,2000,0,42,42,0.15,1771,16,5,22,2,False,cv5,cv_5fold_holdout15pct,cxr_chexmask_lung_seg_pa,2.1.0,pneumonia,cxr_chexmask_lung_seg_pa,18609,16088,2521,10642,1743,12385,750,0.297501,,,,,,,,,,,,,,,,,,,,,,,,,,,,,,,,,,,,,,,,,
run,20260916_211411_rad_dino_PA_chexmask_crop_cv_5fold_holdout15pct,microsoft/rad-dino,rad_dino,PA,chexmask_crop,e50_do0.2_wbce,512,64,2e-05,0.05,50,3,9,0.2,weighted_bce,0.0,cosine,42,5,5,False,youden,False,0.0,7,0.5,0.05,0.1,0.3,5,0.8152967747659302,0.010561258142732522,0.8107770461097523,0.7225082128772962,2521,750,0.29750099166997224,0.4862440824508667,0.8169433465085639,0.7980536374379507,0.8361162040209117,0.7130821247356445,0.6819630849222204,0.7432182887450166,0.7707259024196748,0.668,0.8142292490118577,0.6036144578313253,0.6341772151898735,0.4691185548261776,1743,0.7954338653607824,0.8371341436364916,0.6764034387591679,0.746580215828956,2521,750,0.04170027827570921,0.03806256658296103,0.07017677706978809,0.061255203822796256,2000,0,42,42,0.15,1771,16,5,22,2,False,cv5,cv_5fold_holdout15pct,cxr_chexmask_lung_seg_cropped_pa,2.1.0,pneumonia,cxr_chexmask_lung_seg_cropped_pa,18609,16088,2521,10642,1743,12385,750,0.297501,,,,,,,,,,,,,,,,,,,,,,,,,,,,,,,,,,,,,,,,,
run,20260917_104528_resnet152_AP_raw_cv_5fold_holdout15pct,resnet152,resnet152,AP,raw,e50_do0.2_wbce,512,64,2e-05,0.05,50,3,8,0.2,weighted_bce,0.0,cosine,42,5,5,False,youden,True,0.0,7,0.5,0.05,0.1,0.3,5,0.7779781670707366,0.007789030640400572,0.7771692473437739,0.7765364809008952,3280,1582,0.4823170731707317,0.5151321291923523,0.7859555154498712,0.7705294677487069,0.8011229853663272,0.7721211356628583,0.7511023766453063,0.7948469716416168,0.7216463414634147,0.695322376738306,0.7461719670200235,0.7184846505551927,0.7067137809187279,0.442195915143521,1763,0.7680049332438944,0.8038517967252508,0.7453000030029431,0.79953541664811,3280,1582,0.03584686348135635,0.030593517617620303,0.05423541364516693,0.04374459499631045,2000,0,42,42,0.15,1698,16,5,22,2,False,cv5,cv_5fold_holdout15pct,cxr_medsam3_lung_seg_ap,2.1.0,pneumonia,cxr_medsam3_lung_seg_ap,22894,19614,3280,10188,1763,11951,1582,0.482317,,,,,,,,,,,,,,,,,,,,,,,,,,,,,,,,,,,,,,,,,
run,20260917_124505_densenet_AP_raw_cv_5fold_holdout15pct,densenet201,densenet,AP,raw,e50_do0.2_wbce,512,64,2e-05,0.05,50,3,8,0.2,weighted_bce,0.0,cosine,42,5,5,False,youden,True,0.0,7,0.5,0.05,0.1,0.3,5,0.7869505588242196,0.006410500895170376,0.7821063036501528,0.7835118183218079,3280,1582,0.4823170731707317,0.5170831680297852,0.7960168056715791,0.7815429602670982,0.8111118687938054,0.7783636509484466,0.7574891678533411,0.8006703227895103,0.724390243902439,0.6630847029077117,0.78150765606596,0.7387323943661972,0.6988674217188541,0.4483667850310513,1763,0.778901968326038,0.8133245300492126,0.7508804050419944,0.8040868048305472,3280,1582,0.034422561723174594,0.029568908526707127,0.053206399788552794,0.04318115493616925,2000,0,42,42,0.15,1698,16,5,22,2,False,cv5,cv_5fold_holdout15pct,cxr_medsam3_lung_seg_ap,2.1.0,pneumonia,cxr_medsam3_lung_seg_ap,22894,19614,3280,10188,1763,11951,1582,0.482317,,,,,,,,,,,,,,,,,,,,,,,,,,,,,,,,,,,,,,,,,
run,20260917_140723_resnet152_AP_medsam3_seg_cv_5fold_holdout15pct,resnet152,resnet152,AP,medsam3_seg,e50_do0.2_wbce,512,64,2e-05,0.05,50,3,8,0.2,weighted_bce,0.0,cosine,42,5,5,False,youden,True,0.0,7,0.5,0.05,0.1,0.3,5,0.7746145259347104,0.005938431378006647,0.7727184188002911,0.7684787024805713,3280,1582,0.4823170731707317,0.4946291148662567,0.7826010075064143,0.7677626268015385,0.7980744019546362,0.7676127239467831,0.7471925952703115,0.7902615873318968,0.713109756097561,0.6896333754740834,0.734982332155477,0.7079818299805322,0.6986871597822606,0.42512537494595803,1763,0.7646033539766497,0.7999978205295062,0.7393033532585789,0.7960516671205918,3280,1582,0.035394466552856496,0.030311775153097686,0.056748313862012956,0.04306899206158532,2000,0,42,42,0.15,1698,16,5,22,2,False,cv5,cv_5fold_holdout15pct,cxr_medsam3_lung_seg_ap,2.1.0,pneumonia,cxr_medsam3_lung_seg_ap,22894,19614,3280,10188,1763,11951,1582,0.482317,,,,,,,,,,,,,,,,,,,,,,,,,,,,,,,,,,,,,,,,,
run,20260917_162947_densenet_AP_medsam3_seg_cv_5fold_holdout15pct,densenet201,densenet,AP,medsam3_seg,e50_do0.2_wbce,512,64,2e-05,0.05,50,3,8,0.2,weighted_bce,0.0,cosine,42,5,5,False,youden,True,0.0,7,0.5,0.05,0.1,0.3,5,0.783352024250982,0.003402481043683558,0.78234817503272,0.7823479922602837,3280,1582,0.4823170731707317,0.5058591365814209,0.790024778165433,0.7753544026284711,0.8052140664440273,0.7722862799960292,0.7496462750156605,0.7945066406103621,0.723780487804878,0.6978508217446271,0.7479387514723204,0.720626631853786,0.7090558766859345,0.44647987927801136,1763,0.7724015605896333,0.8075833995478635,0.7457500506111793,0.7980324508080769,3280,1582,0.03518183895823024,0.02985966381555616,0.05228240019689767,0.044860365594701634,2000,0,42,42,0.15,1698,16,5,22,2,False,cv5,cv_5fold_holdout15pct,cxr_medsam3_lung_seg_ap,2.1.0,pneumonia,cxr_medsam3_lung_seg_ap,22894,19614,3280,10188,1763,11951,1582,0.482317,,,,,,,,,,,,,,,,,,,,,,,,,,,,,,,,,,,,,,,,,
run,20260917_175129_resnet152_AP_medsam3_crop_cv_5fold_holdout15pct,resnet152,resnet152,AP,medsam3_crop,e50_do0.2_wbce,512,64,2e-05,0.05,50,3,8,0.2,weighted_bce,0.0,cosine,42,5,5,False,youden,True,0.0,7,0.5,0.05,0.1,0.3,5,0.7813460759726911,0.00527258613942217,0.7804720537099722,0.7789621747694571,3280,1582,0.4823170731707317,0.46611642837524414,0.7893130015382119,0.7736915605716598,0.8044551162152553,0.7721810779421174,0.7505863078248299,0.7939265207492131,0.7198170731707317,0.7433628318584071,0.6978798586572438,0.6962699822380106,0.7190461632528279,0.4411636203041249,1763,0.7708346791474755,0.8070071351025856,0.7447398819735453,0.7974401744363137,3280,1582,0.036172455955110094,0.030763555643595564,0.052700292462768306,0.04334021292438317,2000,0,42,42,0.15,1698,16,5,22,2,False,cv5,cv_5fold_holdout15pct,cxr_medsam3_lung_seg_cropped_ap,2.1.0,pneumonia,cxr_medsam3_lung_seg_cropped_ap,22894,19614,3280,10188,1763,11951,1582,0.482317,,,,,,,,,,,,,,,,,,,,,,,,,,,,,,,,,,,,,,,,,
run,20260917_195955_densenet_AP_medsam3_crop_cv_5fold_holdout15pct,densenet201,densenet,AP,medsam3_crop,e50_do0.2_wbce,512,64,2e-05,0.05,50,3,8,0.2,weighted_bce,0.0,cosine,42,5,5,False,youden,True,0.0,7,0.5,0.05,0.1,0.3,5,0.7886102052103938,0.005829145295084973,0.7869683577332908,0.7881739689339415,3280,1582,0.4823170731707317,0.5078118443489075,0.7954628707231979,0.7801574899812292,0.8106576730718895,0.7782539899168065,0.7570395565752389,0.8003483030655794,0.7268292682926829,0.683944374209861,0.7667844522968198,0.7320703653585927,0.7071895424836602,0.45266071657142115,1763,0.778492920150328,0.8113054068288303,0.7507606409825501,0.8031612045555827,3280,1582,0.03281248667850234,0.03050018309066027,0.05240056357303258,0.043308746490340444,2000,0,42,42,0.15,1698,16,5,22,2,False,cv5,cv_5fold_holdout15pct,cxr_medsam3_lung_seg_cropped_ap,2.1.0,pneumonia,cxr_medsam3_lung_seg_cropped_ap,22894,19614,3280,10188,1763,11951,1582,0.482317,,,,,,,,,,,,,,,,,,,,,,,,,,,,,,,,,,,,,,,,,
run,20260917_212010_resnet152_AP_chexmask_seg_cv_5fold_holdout15pct,resnet152,resnet152,AP,chexmask_seg,e50_do0.2_wbce,512,64,2e-05,0.05,50,3,8,0.2,weighted_bce,0.0,cosine,42,5,5,False,youden,True,0.0,7,0.5,0.05,0.1,0.3,5,0.7762274518674097,0.004873645160916942,0.7702400494321161,0.765844834593984,3280,1582,0.4823170731707317,0.4790162444114685,0.7859015365738529,0.7705254904214458,0.8010717609778423,0.7707673963603972,0.7495147229844727,0.7928409294445709,0.7216463414634147,0.702275600505689,0.7396937573616019,0.7153895685769478,0.7087719298245614,0.44231569116270525,1763,0.7689443701731952,0.8031552286675998,0.7434816128485116,0.7971172616775236,3280,1582,0.03421085849440464,0.03054627055639647,0.05363564882901206,0.043326206460098105,2000,0,42,42,0.15,1698,16,5,22,2,False,cv5,cv_5fold_holdout15pct,cxr_chexmask_lung_seg_ap,2.1.0,pneumonia,cxr_chexmask_lung_seg_ap,22894,19614,3280,10188,1763,11951,1582,0.482317,,,,,,,,,,,,,,,,,,,,,,,,,,,,,,,,,,,,,,,,,
run,20260917_234135_densenet_AP_chexmask_seg_cv_5fold_holdout15pct,densenet201,densenet,AP,chexmask_seg,e50_do0.2_wbce,512,64,2e-05,0.05,50,3,8,0.2,weighted_bce,0.0,cosine,42,5,5,False,youden,True,0.0,7,0.5,0.05,0.1,0.3,5,0.7845953557959161,0.007030929983881091,0.7817750971179236,0.7834493069297543,3280,1582,0.4823170731707317,0.47268348932266235,0.790153582931656,0.77532557038102,0.8053992488645532,0.7777242181717334,0.7561324474875961,0.7995765023003539,0.7222560975609756,0.6991150442477876,0.7438162544169611,0.7177157689811811,0.7082933077169389,0.44346295023176024,1763,0.7721125515055195,0.8072365622433775,0.7516224125950304,0.8020464231516041,3280,1582,0.03512401073785798,0.03007367848353315,0.05042401055657375,0.043444054812757815,2000,0,42,42,0.15,1698,16,5,22,2,False,cv5,cv_5fold_holdout15pct,cxr_chexmask_lung_seg_ap,2.1.0,pneumonia,cxr_chexmask_lung_seg_ap,22894,19614,3280,10188,1763,11951,1582,0.482317,,,,,,,,,,,,,,,,,,,,,,,,,,,,,,,,,,,,,,,,,
run,20260918_010544_resnet152_AP_chexmask_crop_cv_5fold_holdout15pct,resnet152,resnet152,AP,chexmask_crop,e50_do0.2_wbce,512,64,2e-05,0.05,50,3,8,0.2,weighted_bce,0.0,cosine,42,5,5,False,youden,True,0.0,7,0.5,0.05,0.1,0.3,5,0.7777003377933915,0.006395797047177873,0.776486127697547,0.773395862314884,3280,1582,0.4823170731707317,0.5455278754234314,0.7908396730592546,0.7761261405457076,0.8065801201098373,0.7747639641631591,0.754315458573633,0.7967987431440787,0.7246951219512195,0.690897597977244,0.7561837455830389,0.7252820172528202,0.7076723858853998,0.44827821708999477,1763,0.7738030011082545,0.8081738573285504,0.7464642868960657,0.7999688215882081,3280,1582,0.0343708562202959,0.030453979564129652,0.05350453469214245,0.0424832845704457,2000,0,42,42,0.15,1698,16,5,22,2,False,cv5,cv_5fold_holdout15pct,cxr_chexmask_lung_seg_cropped_ap,2.1.0,pneumonia,cxr_chexmask_lung_seg_cropped_ap,22894,19614,3280,10188,1763,11951,1582,0.482317,,,,,,,,,,,,,,,,,,,,,,,,,,,,,,,,,,,,,,,,,
run,20260918_030110_densenet_AP_chexmask_crop_cv_5fold_holdout15pct,densenet201,densenet,AP,chexmask_crop,e50_do0.2_wbce,512,64,2e-05,0.05,50,3,8,0.2,weighted_bce,0.0,cosine,42,5,5,False,youden,True,0.0,7,0.5,0.05,0.1,0.3,5,0.7873580130540152,0.005690042703489827,0.7846019588291185,0.787029263266349,3280,1582,0.4823170731707317,0.524394690990448,0.7953526793624983,0.7803351125343257,0.8111061056874931,0.7783400862899255,0.7566690988023049,0.7999492400359153,0.7283536585365854,0.695322376738306,0.7591283863368669,0.7289595758780649,0.7117437722419929,0.455622349291971,1763,0.7780979336007026,0.8126879154058892,0.7511488987472965,0.8033934505899422,3280,1582,0.03458998180518669,0.030770993153167336,0.05224455184264565,0.04328014123361035,2000,0,42,42,0.15,1698,16,5,22,2,False,cv5,cv_5fold_holdout15pct,cxr_chexmask_lung_seg_cropped_ap,2.1.0,pneumonia,cxr_chexmask_lung_seg_cropped_ap,22894,19614,3280,10188,1763,11951,1582,0.482317,,,,,,,,,,,,,,,,,,,,,,,,,,,,,,,,,,,,,,,,,
run,20260918_042254_resnet152_PA_raw_cv_5fold_holdout15pct,resnet152,resnet152,PA,raw,e50_do0.2_wbce,512,64,2e-05,0.05,50,3,8,0.2,weighted_bce,0.0,cosine,42,5,5,False,youden,True,0.0,7,0.5,0.05,0.1,0.3,5,0.7527087333840394,0.008502686042805232,0.7491933914494289,0.6100041616879723,2521,750,0.29750099166997224,0.4455295205116272,0.7796984754376058,0.7598085557481699,0.7988365878364045,0.6397840073920574,0.6048178690155694,0.6720046538595037,0.7294724315747719,0.644,0.7656691134952005,0.5378619153674833,0.5861650485436893,0.3910890947576444,1743,0.7570305836147669,0.8006431493400478,0.6005286986840697,0.6753703666175221,2521,750,0.04361256572528083,0.03902803208823469,0.07484166793345248,0.06718678484393426,2000,0,42,42,0.15,1771,16,5,22,2,False,cv5,cv_5fold_holdout15pct,cxr_medsam3_lung_seg_pa,2.1.0,pneumonia,cxr_medsam3_lung_seg_pa,18609,16088,2521,10642,1743,12385,750,0.297501,,,,,,,,,,,,,,,,,,,,,,,,,,,,,,,,,,,,,,,,,
run,20260918_062633_densenet_PA_raw_cv_5fold_holdout15pct,densenet201,densenet,PA,raw,e50_do0.2_wbce,512,64,2e-05,0.05,50,3,8,0.2,weighted_bce,0.0,cosine,42,5,5,False,youden,True,0.0,7,0.5,0.05,0.1,0.3,5,0.7745149987195726,0.0073905475935821495,0.7689669136046253,0.6379294617438788,2521,750,0.29750099166997224,0.47073665261268616,0.7940101637492942,0.774463633857131,0.8132955996136598,0.6630957294102369,0.6284629617793777,0.6949177982684784,0.7433558111860373,0.6466666666666666,0.7843026538678712,0.5594002306805075,0.5998763141620285,0.4147715561212278,1743,0.7717638868061635,0.8154091760336917,0.6235301700349022,0.7004952270952203,2521,750,0.043645289227528195,0.03883196575652881,0.07696505706031809,0.06645483648910078,2000,0,42,42,0.15,1771,16,5,22,2,False,cv5,cv_5fold_holdout15pct,cxr_medsam3_lung_seg_pa,2.1.0,pneumonia,cxr_medsam3_lung_seg_pa,18609,16088,2521,10642,1743,12385,750,0.297501,,,,,,,,,,,,,,,,,,,,,,,,,,,,,,,,,,,,,,,,,
run,20260918_073821_resnet152_PA_medsam3_seg_cv_5fold_holdout15pct,resnet152,resnet152,PA,medsam3_seg,e50_do0.2_wbce,512,64,2e-05,0.05,50,3,8,0.2,weighted_bce,0.0,cosine,42,5,5,False,youden,True,0.0,7,0.5,0.05,0.1,0.3,5,0.7372651699944821,0.008904380932264673,0.7345156610464403,0.5934977271219488,2521,750,0.29750099166997224,0.5231767296791077,0.7711545266327875,0.7505295779755671,0.7917107793731689,0.6339823653151613,0.596537275396797,0.6684111533248037,0.7401824672748909,0.5933333333333334,0.8023715415019763,0.559748427672956,0.5760517799352751,0.3893205720236599,1743,0.7484960326787734,0.7937410467271974,0.59576397409753,0.6724273746863481,2521,750,0.04524501404842396,0.04118120139760184,0.07666340058881804,0.0718738779280067,2000,0,42,42,0.15,1771,16,5,22,2,False,cv5,cv_5fold_holdout15pct,cxr_medsam3_lung_seg_pa,2.1.0,pneumonia,cxr_medsam3_lung_seg_pa,18609,16088,2521,10642,1743,12385,750,0.297501,,,,,,,,,,,,,,,,,,,,,,,,,,,,,,,,,,,,,,,,,
run,20260918_101249_densenet_PA_medsam3_seg_cv_5fold_holdout15pct,densenet201,densenet,PA,medsam3_seg,e50_do0.2_wbce,512,64,2e-05,0.05,50,3,8,0.2,weighted_bce,0.0,cosine,42,5,5,False,youden,True,0.0,7,0.5,0.05,0.1,0.3,5,0.7582853906933311,0.005160973161664669,0.7548274707478861,0.6288937646877404,2521,750,0.29750099166997224,0.4882834553718567,0.7879427818558253,0.7682794410102446,0.8078856750824188,0.6586459083042477,0.6244127466833184,0.6904262394687413,0.7445458151527172,0.6386666666666667,0.7893845285149633,0.562206572769953,0.5980024968789014,0.4137020382149444,1743,0.7659346684038185,0.8097674894865687,0.622736172148188,0.6964784786261358,2521,750,0.04383282108275022,0.03960623407217423,0.07374230647794777,0.0660134927854229,2000,0,42,42,0.15,1771,16,5,22,2,False,cv5,cv_5fold_holdout15pct,cxr_medsam3_lung_seg_pa,2.1.0,pneumonia,cxr_medsam3_lung_seg_pa,18609,16088,2521,10642,1743,12385,750,0.297501,,,,,,,,,,,,,,,,,,,,,,,,,,,,,,,,,,,,,,,,,
run,20260918_112744_resnet152_PA_medsam3_crop_cv_5fold_holdout15pct,resnet152,resnet152,PA,medsam3_crop,e50_do0.2_wbce,512,64,2e-05,0.05,50,3,8,0.2,weighted_bce,0.0,cosine,42,5,5,False,youden,True,0.0,7,0.5,0.05,0.1,0.3,5,0.7553498933659035,0.009718277104563113,0.7520571813586346,0.6155457476975629,2521,750,0.29750099166997224,0.5491268634796143,0.7790950498776585,0.7576262559210266,0.7992720106964595,0.6488366166928244,0.6129607687658429,0.6808185041708974,0.7465291550971836,0.608,0.8051948051948052,0.5692883895131086,0.5880077369439072,0.4057086652522596,1743,0.7560699814083156,0.8017694162661061,0.6094917451959595,0.6889956732386548,2521,750,0.04569943485779049,0.041645754775432864,0.07950392804269535,0.06785773540505446,2000,0,42,42,0.15,1771,16,5,22,2,False,cv5,cv_5fold_holdout15pct,cxr_medsam3_lung_seg_cropped_pa,2.1.0,pneumonia,cxr_medsam3_lung_seg_cropped_pa,18609,16088,2521,10642,1743,12385,750,0.297501,,,,,,,,,,,,,,,,,,,,,,,,,,,,,,,,,,,,,,,,,
run,20260918_133311_densenet_PA_medsam3_crop_cv_5fold_holdout15pct,densenet201,densenet,PA,medsam3_crop,e50_do0.2_wbce,512,64,2e-05,0.05,50,3,8,0.2,weighted_bce,0.0,cosine,42,5,5,False,youden,True,0.0,7,0.5,0.05,0.1,0.3,5,0.7752367358857881,0.008460874140720016,0.7727692859690374,0.6434873831745938,2521,750,0.29750099166997224,0.4311051070690155,0.7889840015057407,0.7688278373029482,0.8078623278116777,0.6594534613879597,0.6242389136680312,0.6922505831725247,0.718762395874653,0.7053333333333334,0.7244494635798984,0.52015732546706,0.5987549518958687,0.40050186752831873,1743,0.7663796536927157,0.8108160069584814,0.6206794425983612,0.6975066428934075,2521,750,0.04443635326576578,0.039034490508729425,0.0768272002950463,0.06801166950449355,2000,0,42,42,0.15,1771,16,5,22,2,False,cv5,cv_5fold_holdout15pct,cxr_medsam3_lung_seg_cropped_pa,2.1.0,pneumonia,cxr_medsam3_lung_seg_cropped_pa,18609,16088,2521,10642,1743,12385,750,0.297501,,,,,,,,,,,,,,,,,,,,,,,,,,,,,,,,,,,,,,,,,
run,20260918_144611_resnet152_PA_chexmask_seg_cv_5fold_holdout15pct,resnet152,resnet152,PA,chexmask_seg,e50_do0.2_wbce,512,64,2e-05,0.05,50,3,8,0.2,weighted_bce,0.0,cosine,42,5,5,False,youden,True,0.0,7,0.5,0.05,0.1,0.3,5,0.737344602467732,0.00938920255608501,0.7313759216352065,0.5868050476969497,2521,750,0.29750099166997224,0.4780414402484894,0.7606941464332769,0.7406008050353157,0.781228682411444,0.6237884906637559,0.5874181494932773,0.658437665850642,0.7334391114637049,0.5946666666666667,0.7922077922077922,0.547911547911548,0.5703324808184144,0.37825180418816173,1743,0.7365844352373345,0.7828020068718057,0.5812393703022136,0.6639629349847724,2521,750,0.046217571634471155,0.040627877376128385,0.08272356468255881,0.0710195163573647,2000,0,42,42,0.15,1771,16,5,22,2,False,cv5,cv_5fold_holdout15pct,cxr_chexmask_lung_seg_pa,2.1.0,pneumonia,cxr_chexmask_lung_seg_pa,18609,16088,2521,10642,1743,12385,750,0.297501,,,,,,,,,,,,,,,,,,,,,,,,,,,,,,,,,,,,,,,,,
run,20260918_164912_densenet_PA_chexmask_seg_cv_5fold_holdout15pct,densenet201,densenet,PA,chexmask_seg,e50_do0.2_wbce,512,64,2e-05,0.05,50,3,8,0.2,weighted_bce,0.0,cosine,42,5,5,False,youden,True,0.0,7,0.5,0.05,0.1,0.3,5,0.7600617750643075,0.006673640369752071,0.7562985455951641,0.6237933989595802,2521,750,0.29750099166997224,0.43014734983444214,0.7901517033690947,0.7702432168306835,0.809348789012545,0.6608473931768932,0.6264166901087239,0.6918684513176789,0.7247124157080523,0.704,0.7334839073969509,0.528,0.6034285714285714,0.4088249456041597,1743,0.7674702453041108,0.8123297582959458,0.6216324736922267,0.6964808062531154,2521,750,0.04485951299183499,0.0391055721818615,0.07484833256088863,0.06545176120895502,2000,0,42,42,0.15,1771,16,5,22,2,False,cv5,cv_5fold_holdout15pct,cxr_chexmask_lung_seg_pa,2.1.0,pneumonia,cxr_chexmask_lung_seg_pa,18609,16088,2521,10642,1743,12385,750,0.297501,,,,,,,,,,,,,,,,,,,,,,,,,,,,,,,,,,,,,,,,,
run,20260918_180651_resnet152_PA_chexmask_crop_cv_5fold_holdout15pct,resnet152,resnet152,PA,chexmask_crop,e50_do0.2_wbce,512,64,2e-05,0.05,50,3,8,0.2,weighted_bce,0.0,cosine,42,5,5,False,youden,True,0.0,7,0.5,0.05,0.1,0.3,5,0.7503381086450635,0.009194918780703585,0.7476377323919428,0.6034434636525994,2521,750,0.29750099166997224,0.5528414845466614,0.7826967814793901,0.7622488636450704,0.8014550616616748,0.6468231246865545,0.6098168820438019,0.6789170648610974,0.7433558111860373,0.6253333333333333,0.7933370976849238,0.5616766467065868,0.5917981072555205,0.4066681676746122,1743,0.7604047601924905,0.804510578479593,0.6065032888955991,0.6839143179643346,2521,750,0.04410581828710247,0.03920619801660441,0.07741102906873543,0.06910018281729546,2000,0,42,42,0.15,1771,16,5,22,2,False,cv5,cv_5fold_holdout15pct,cxr_chexmask_lung_seg_cropped_pa,2.1.0,pneumonia,cxr_chexmask_lung_seg_cropped_pa,18609,16088,2521,10642,1743,12385,750,0.297501,,,,,,,,,,,,,,,,,,,,,,,,,,,,,,,,,,,,,,,,,
run,20260918_200652_densenet_PA_chexmask_crop_cv_5fold_holdout15pct,densenet201,densenet,PA,chexmask_crop,e50_do0.2_wbce,512,64,2e-05,0.05,50,3,8,0.2,weighted_bce,0.0,cosine,42,5,5,False,youden,True,0.0,7,0.5,0.05,0.1,0.3,5,0.7721511800444273,0.007800690533971227,0.7683632964267866,0.6396940720245018,2521,750,0.29750099166997224,0.42155182361602783,0.7873525315264446,0.766665193032699,0.8070289600366397,0.65673507019705,0.621187504822386,0.6900931879994383,0.721539071796906,0.704,0.7289666854884246,0.5238095238095238,0.6006825938566553,0.4040588869690084,1743,0.7653992506333065,0.8099206030174011,0.6171841034086515,0.6942435197007671,2521,750,0.044521352384094603,0.04036376700394073,0.07705941629211566,0.06890568317705226,2000,0,42,42,0.15,1771,16,5,22,2,False,cv5,cv_5fold_holdout15pct,cxr_chexmask_lung_seg_cropped_pa,2.1.0,pneumonia,cxr_chexmask_lung_seg_cropped_pa,18609,16088,2521,10642,1743,12385,750,0.297501,,,,,,,,,,,,,,,,,,,,,,,,,,,,,,,,,,,,,,,,,
delta_by_backbone,,convnextv2_base,,AP,,,,,,,,,,,,,,,,,,,,,,,,,,,,,,,,,,,,,,,,,,,,,,,,,,,,,,,,,,2000,,,,,,,,,,,,,,,,,,,,,,,,,chexmask_seg,chexmask_crop,chexmask_crop_minus_chexmask_seg,False,paired,3280,1763,0.7957837658344241,0.8013000346953879,0.005516268860963791,-0.0010352560140505728,0.012391826519066165,0.013427082533116738,False,0.097,0.7798593390827564,0.7873944736165381,0.00753513453378174,-0.00018530405525170036,0.015536746331571042,0.015722050386822742,False,0.057,0.04857792061222063,0.07323553938565222,0.723597009425329,0.9353011149602334,20260911_192830_convnextv2_base_AP_chexmask_seg_cv_5fold_holdout15pct,20260912_075603_convnextv2_base_AP_chexmask_crop_cv_5fold_holdout15pct,,,,,,,,,,,,
delta_by_backbone,,densenet201,,AP,,,,,,,,,,,,,,,,,,,,,,,,,,,,,,,,,,,,,,,,,,,,,,,,,,,,,,,,,,2000,,,,,,,,,,,,,,,,,,,,,,,,,chexmask_seg,chexmask_crop,chexmask_crop_minus_chexmask_seg,False,paired,3280,1763,0.790153582931656,0.7953526793624983,0.005199096430842265,-0.0025031902983219333,0.012673827332978444,0.015177017631300378,False,0.182,0.7777242181717336,0.7783400862899255,0.0006158681181918091,-0.007270915878481154,0.008623932523844927,0.015894848402326082,False,0.831,0.04916715224188459,0.07367231509838496,0.6913179442113111,0.9266744701292513,20260917_234135_densenet_AP_chexmask_seg_cv_5fold_holdout15pct,20260918_030110_densenet_AP_chexmask_crop_cv_5fold_holdout15pct,,,,,,,,,,,,
delta_by_backbone,,eva_x_base,,AP,,,,,,,,,,,,,,,,,,,,,,,,,,,,,,,,,,,,,,,,,,,,,,,,,,,,,,,,,,2000,,,,,,,,,,,,,,,,,,,,,,,,,chexmask_seg,chexmask_crop,chexmask_crop_minus_chexmask_seg,False,paired,3280,1763,0.8075965775158995,0.8130949775075608,0.00549839999166124,-0.0006023404758770778,0.01163256616215503,0.012234906638032107,False,0.077,0.7951281203948997,0.8032818180460273,0.008153697651127612,0.0015417818036264131,0.014887316422240431,0.013345534618614019,True,0.015,0.04531219869177759,0.06739148190907834,0.7299864718272373,0.9550266437679873,20260911_234000_eva_x_base_AP_chexmask_seg_cv_5fold_holdout15pct,20260912_120123_eva_x_base_AP_chexmask_crop_cv_5fold_holdout15pct,,,,,,,,,,,,
delta_by_backbone,,microsoft/rad-dino,,AP,,,,,,,,,,,,,,,,,,,,,,,,,,,,,,,,,,,,,,,,,,,,,,,,,,,,,,,,,,2000,,,,,,,,,,,,,,,,,,,,,,,,,chexmask_seg,chexmask_crop,chexmask_crop_minus_chexmask_seg,False,paired,3280,1763,0.8063807498671003,0.8119014859453898,0.005520736078289512,-0.0004131856463377242,0.01121066643074306,0.011623852077080785,False,0.074,0.7929068462561228,0.7983234661338474,0.005416619877724571,-0.0016742131902645978,0.012631781205072176,0.014305994395336774,False,0.142,0.04847670667094715,0.07242467810424144,0.7602177855030086,0.9518681612237418,20260915_233922_rad_dino_AP_chexmask_seg_cv_5fold_holdout15pct,20260916_030439_rad_dino_AP_chexmask_crop_cv_5fold_holdout15pct,,,,,,,,,,,,
delta_by_backbone,,resnet152,,AP,,,,,,,,,,,,,,,,,,,,,,,,,,,,,,,,,,,,,,,,,,,,,,,,,,,,,,,,,,2000,,,,,,,,,,,,,,,,,,,,,,,,,chexmask_seg,chexmask_crop,chexmask_crop_minus_chexmask_seg,False,paired,3280,1763,0.7859015365738528,0.7908396730592546,0.004938136485401867,-0.002866953572895581,0.012851702227854794,0.015718655800750374,False,0.211,0.7707673963603972,0.7747639641631591,0.003996567802761919,-0.005121233667443581,0.013251169476121425,0.018372403143565006,False,0.409,0.0500392924578124,0.07376381161514703,0.6858737398414934,0.9200009441214485,20260917_212010_resnet152_AP_chexmask_seg_cv_5fold_holdout15pct,20260918_010544_resnet152_AP_chexmask_crop_cv_5fold_holdout15pct,,,,,,,,,,,,
delta_by_backbone,,swinv2_base_window16_256,,AP,,,,,,,,,,,,,,,,,,,,,,,,,,,,,,,,,,,,,,,,,,,,,,,,,,,,,,,,,,2000,,,,,,,,,,,,,,,,,,,,,,,,,chexmask_seg,chexmask_crop,chexmask_crop_minus_chexmask_seg,False,paired,3280,1763,0.7984968558235389,0.8025099060544196,0.0040130502308807214,-0.00261212381463094,0.010560536746356642,0.013172660560987582,False,0.235,0.7833833995514119,0.7916032443920521,0.0082198448406402,-0.00013976662286409577,0.016700059313297176,0.016839825936161273,False,0.053,0.04883425720663055,0.07404752021442879,0.7302577879857863,0.9261718733074713,20260914_081823_swint_base_AP_chexmask_seg_cv_5fold_holdout15pct,20260914_124109_swint_base_AP_chexmask_crop_cv_5fold_holdout15pct,,,,,,,,,,,,
delta_by_backbone,,vit_base_patch16_dinov3,,AP,,,,,,,,,,,,,,,,,,,,,,,,,,,,,,,,,,,,,,,,,,,,,,,,,,,,,,,,,,2000,,,,,,,,,,,,,,,,,,,,,,,,,chexmask_seg,chexmask_crop,chexmask_crop_minus_chexmask_seg,False,paired,3280,1763,0.7991501863574161,0.8071714473337414,0.008021260976325273,0.0024531702687649428,0.013394804645104001,0.01094163437633906,True,0.004,0.7885722362404063,0.7900409209575507,0.0014686847171444528,-0.0049831314272228535,0.007993206263490123,0.012976337690712977,False,0.597,0.0473724547272639,0.07131711888007125,0.7690296093091856,0.9556961853235284,20260911_222254_dinov3_base_AP_chexmask_seg_cv_5fold_holdout15pct,20260912_104931_dinov3_base_AP_chexmask_crop_cv_5fold_holdout15pct,,,,,,,,,,,,
delta_by_backbone,,convnextv2_base,,AP,,,,,,,,,,,,,,,,,,,,,,,,,,,,,,,,,,,,,,,,,,,,,,,,,,,,,,,,,,2000,,,,,,,,,,,,,,,,,,,,,,,,,medsam3_crop,chexmask_crop,chexmask_crop_minus_medsam3_crop,False,paired,3280,1763,0.8071446440297874,0.8013000346953879,-0.005844609334399453,-0.009208539951795556,-0.0027981084289960593,0.006410431522799496,True,0.0,0.79162207528424,0.7873944736165381,-0.0042276016677018635,-0.008954048222660238,0.0005157568372538915,0.00946980505991413,False,0.085,0.046651322544366575,0.07135123108647404,0.8625884289410441,0.9825707381659873,20260910_235159_convnextv2_base_AP_medsam3_crop_cv_5fold_holdout15pct,20260912_075603_convnextv2_base_AP_chexmask_crop_cv_5fold_holdout15pct,,,,,,,,,,,,
delta_by_backbone,,densenet201,,AP,,,,,,,,,,,,,,,,,,,,,,,,,,,,,,,,,,,,,,,,,,,,,,,,,,,,,,,,,,2000,,,,,,,,,,,,,,,,,,,,,,,,,medsam3_crop,chexmask_crop,chexmask_crop_minus_medsam3_crop,False,paired,3280,1763,0.7954628707231978,0.7953526793624983,-0.00011019136069945201,-0.004100070199943601,0.003888816574723579,0.00798888677466718,False,0.988,0.7782539899168065,0.7783400862899255,8.609637311896012e-05,-0.00498560651335708,0.00529839677061593,0.01028400328397301,False,0.978,0.05006659014722681,0.07495908011648353,0.8404347739445626,0.9769563090880792,20260917_195955_densenet_AP_medsam3_crop_cv_5fold_holdout15pct,20260918_030110_densenet_AP_chexmask_crop_cv_5fold_holdout15pct,,,,,,,,,,,,
delta_by_backbone,,eva_x_base,,AP,,,,,,,,,,,,,,,,,,,,,,,,,,,,,,,,,,,,,,,,,,,,,,,,,,,,,,,,,,2000,,,,,,,,,,,,,,,,,,,,,,,,,medsam3_crop,chexmask_crop,chexmask_crop_minus_medsam3_crop,False,paired,3280,1763,0.8137490525776588,0.8130949775075608,-0.0006540750700980702,-0.0032065885604531633,0.0019960686215685025,0.005202657182021666,False,0.646,0.8028175435917962,0.8032818180460273,0.0004642744542310284,-0.0027475160659727604,0.0039459963453558605,0.006693512411328621,False,0.782,0.04769591857136933,0.06776951902871492,0.8909202854697783,0.9903668158507051,20260911_103605_eva_x_base_AP_medsam3_crop_cv_5fold_holdout15pct,20260912_120123_eva_x_base_AP_chexmask_crop_cv_5fold_holdout15pct,,,,,,,,,,,,
delta_by_backbone,,microsoft/rad-dino,,AP,,,,,,,,,,,,,,,,,,,,,,,,,,,,,,,,,,,,,,,,,,,,,,,,,,,,,,,,,,2000,,,,,,,,,,,,,,,,,,,,,,,,,medsam3_crop,chexmask_crop,chexmask_crop_minus_medsam3_crop,False,paired,3280,1763,0.8152891257506787,0.8119014859453898,-0.003387639805288889,-0.005972068247148371,-0.0007871516778651935,0.005184916569283177,True,0.015,0.8034051758422475,0.7983234661338474,-0.005081709708400051,-0.008285815365985234,-0.0020384940145329465,0.0062473213514522875,True,0.001,0.047599623367574034,0.07015503803940644,0.8910723194331982,0.9895769235616686,20260915_195640_rad_dino_AP_medsam3_crop_cv_5fold_holdout15pct,20260916_030439_rad_dino_AP_chexmask_crop_cv_5fold_holdout15pct,,,,,,,,,,,,
delta_by_backbone,,resnet152,,AP,,,,,,,,,,,,,,,,,,,,,,,,,,,,,,,,,,,,,,,,,,,,,,,,,,,,,,,,,,2000,,,,,,,,,,,,,,,,,,,,,,,,,medsam3_crop,chexmask_crop,chexmask_crop_minus_medsam3_crop,False,paired,3280,1763,0.7893130015382118,0.7908396730592546,0.0015266715210427995,-0.0033649738673712766,0.006583972210023163,0.00994894607739444,False,0.55,0.7721810779421177,0.7747639641631591,0.002582886221041414,-0.004261627588557831,0.008921795425733601,0.013183423014291432,False,0.459,0.04870490263801539,0.07364916417440012,0.7957300900211832,0.9679444103239492,20260917_175129_resnet152_AP_medsam3_crop_cv_5fold_holdout15pct,20260918_010544_resnet152_AP_chexmask_crop_cv_5fold_holdout15pct,,,,,,,,,,,,
delta_by_backbone,,swinv2_base_window16_256,,AP,,,,,,,,,,,,,,,,,,,,,,,,,,,,,,,,,,,,,,,,,,,,,,,,,,,,,,,,,,2000,,,,,,,,,,,,,,,,,,,,,,,,,medsam3_crop,chexmask_crop,chexmask_crop_minus_medsam3_crop,False,paired,3280,1763,0.8009575480337543,0.8025099060544196,0.0015523580206653342,-0.0028333011079620775,0.005899719513805054,0.008733020621767132,False,0.479,0.7902274549654072,0.7916032443920521,0.0013757894266448467,-0.004755719584777945,0.0075577306606566235,0.012313450245434569,False,0.617,0.04682996119218699,0.06996625096260436,0.8135163814053271,0.965811741438788,20260914_034547_swint_base_AP_medsam3_crop_cv_5fold_holdout15pct,20260914_124109_swint_base_AP_chexmask_crop_cv_5fold_holdout15pct,,,,,,,,,,,,
delta_by_backbone,,vit_base_patch16_dinov3,,AP,,,,,,,,,,,,,,,,,,,,,,,,,,,,,,,,,,,,,,,,,,,,,,,,,,,,,,,,,,2000,,,,,,,,,,,,,,,,,,,,,,,,,medsam3_crop,chexmask_crop,chexmask_crop_minus_medsam3_crop,False,paired,3280,1763,0.8090473063424063,0.8071714473337414,-0.0018758590086649374,-0.005646903539900899,0.0019316367796649997,0.007578540319565899,False,0.339,0.794109255194171,0.7900409209575507,-0.00406833423662023,-0.008829339701747586,0.0007661452446488601,0.009595484946396445,False,0.108,0.04700799897353016,0.0743631046587785,0.8387818991437326,0.9789276562785935,20260911_091737_dinov3_base_AP_medsam3_crop_cv_5fold_holdout15pct,20260912_104931_dinov3_base_AP_chexmask_crop_cv_5fold_holdout15pct,,,,,,,,,,,,
delta_by_backbone,,convnextv2_base,,AP,,,,,,,,,,,,,,,,,,,,,,,,,,,,,,,,,,,,,,,,,,,,,,,,,,,,,,,,,,2000,,,,,,,,,,,,,,,,,,,,,,,,,medsam3_crop,chexmask_seg,chexmask_seg_minus_medsam3_crop,False,paired,3280,1763,0.8071446440297874,0.7957837658344241,-0.011360878195363244,-0.017734366256946715,-0.004903697704141722,0.012830668552804993,True,0.0,0.79162207528424,0.7798593390827564,-0.011762736201483603,-0.020161683639941856,-0.003744608267913572,0.016417075372028283,True,0.003,0.047499377391205716,0.07319135864774788,0.7298771213961106,0.9427978981485081,20260910_235159_convnextv2_base_AP_medsam3_crop_cv_5fold_holdout15pct,20260911_192830_convnextv2_base_AP_chexmask_seg_cv_5fold_holdout15pct,,,,,,,,,,,,
delta_by_backbone,,densenet201,,AP,,,,,,,,,,,,,,,,,,,,,,,,,,,,,,,,,,,,,,,,,,,,,,,,,,,,,,,,,,2000,,,,,,,,,,,,,,,,,,,,,,,,,medsam3_crop,chexmask_seg,chexmask_seg_minus_medsam3_crop,False,paired,3280,1763,0.7954628707231978,0.790153582931656,-0.005309287791541717,-0.012621484274375552,0.0016877563573351427,0.014309240631710695,False,0.138,0.7782539899168065,0.7777242181717336,-0.000529771745072849,-0.009072003170116347,0.007142647472206826,0.01621465064232317,False,0.878,0.05006681531279019,0.07531902615379334,0.714197107558882,0.9284161174047337,20260917_195955_densenet_AP_medsam3_crop_cv_5fold_holdout15pct,20260917_234135_densenet_AP_chexmask_seg_cv_5fold_holdout15pct,,,,,,,,,,,,
delta_by_backbone,,eva_x_base,,AP,,,,,,,,,,,,,,,,,,,,,,,,,,,,,,,,,,,,,,,,,,,,,,,,,,,,,,,,,,2000,,,,,,,,,,,,,,,,,,,,,,,,,medsam3_crop,chexmask_seg,chexmask_seg_minus_medsam3_crop,False,paired,3280,1763,0.8137490525776588,0.8075965775158995,-0.0061524750617593105,-0.012090348938508359,-0.0001864759941079124,0.011903872944400446,True,0.042,0.8028175435917962,0.7951281203948997,-0.007689423196896583,-0.014653746098180279,-0.0011511409100335398,0.013502605188146739,True,0.025,0.04761638072188324,0.06776597507936753,0.7500046672188645,0.9536859745846133,20260911_103605_eva_x_base_AP_medsam3_crop_cv_5fold_holdout15pct,20260911_234000_eva_x_base_AP_chexmask_seg_cv_5fold_holdout15pct,,,,,,,,,,,,
delta_by_backbone,,microsoft/rad-dino,,AP,,,,,,,,,,,,,,,,,,,,,,,,,,,,,,,,,,,,,,,,,,,,,,,,,,,,,,,,,,2000,,,,,,,,,,,,,,,,,,,,,,,,,medsam3_crop,chexmask_seg,chexmask_seg_minus_medsam3_crop,False,paired,3280,1763,0.8152891257506787,0.8063807498671003,-0.008908375883578401,-0.014470254682148711,-0.0029055978889000484,0.011564656793248662,True,0.001,0.8034051758422475,0.7929068462561228,-0.010498329586124622,-0.01779746655420209,-0.0037351728492896106,0.014062293704912477,True,0.002,0.04834823207601138,0.07392475987751763,0.7608049705919522,0.9510120380410418,20260915_195640_rad_dino_AP_medsam3_crop_cv_5fold_holdout15pct,20260915_233922_rad_dino_AP_chexmask_seg_cv_5fold_holdout15pct,,,,,,,,,,,,
delta_by_backbone,,resnet152,,AP,,,,,,,,,,,,,,,,,,,,,,,,,,,,,,,,,,,,,,,,,,,,,,,,,,,,,,,,,,2000,,,,,,,,,,,,,,,,,,,,,,,,,medsam3_crop,chexmask_seg,chexmask_seg_minus_medsam3_crop,False,paired,3280,1763,0.7893130015382118,0.7859015365738528,-0.0034114649643590678,-0.011587721936252038,0.004135219532283784,0.015722941468535822,False,0.378,0.7721810779421177,0.7707673963603972,-0.001413681581720505,-0.01077470866176627,0.007762739647056507,0.018537448308822778,False,0.782,0.048276238215821624,0.07428277343031045,0.6743130357786882,0.9172561333041698,20260917_175129_resnet152_AP_medsam3_crop_cv_5fold_holdout15pct,20260917_212010_resnet152_AP_chexmask_seg_cv_5fold_holdout15pct,,,,,,,,,,,,
delta_by_backbone,,swinv2_base_window16_256,,AP,,,,,,,,,,,,,,,,,,,,,,,,,,,,,,,,,,,,,,,,,,,,,,,,,,,,,,,,,,2000,,,,,,,,,,,,,,,,,,,,,,,,,medsam3_crop,chexmask_seg,chexmask_seg_minus_medsam3_crop,False,paired,3280,1763,0.8009575480337543,0.7984968558235389,-0.002460692210215387,-0.008977422074405859,0.0038771582139154655,0.012854580288321324,False,0.424,0.7902274549654072,0.7833833995514119,-0.0068440554139953536,-0.015653574863108494,0.001290574261718975,0.01694414912482747,False,0.119,0.046628129070508326,0.0722997935417173,0.724317047572649,0.9320528294726483,20260914_034547_swint_base_AP_medsam3_crop_cv_5fold_holdout15pct,20260914_081823_swint_base_AP_chexmask_seg_cv_5fold_holdout15pct,,,,,,,,,,,,
delta_by_backbone,,vit_base_patch16_dinov3,,AP,,,,,,,,,,,,,,,,,,,,,,,,,,,,,,,,,,,,,,,,,,,,,,,,,,,,,,,,,,2000,,,,,,,,,,,,,,,,,,,,,,,,,medsam3_crop,chexmask_seg,chexmask_seg_minus_medsam3_crop,False,paired,3280,1763,0.8090473063424063,0.7991501863574161,-0.00989711998499021,-0.01564032311805649,-0.004253346895600095,0.011386976222456394,True,0.001,0.794109255194171,0.7885722362404063,-0.005537018953764683,-0.012221466125492783,0.0006948723501381172,0.0129163384756309,False,0.078,0.045857077558900755,0.06697640691322994,0.7516855231816619,0.9505457746360193,20260911_091737_dinov3_base_AP_medsam3_crop_cv_5fold_holdout15pct,20260911_222254_dinov3_base_AP_chexmask_seg_cv_5fold_holdout15pct,,,,,,,,,,,,
delta_by_backbone,,convnextv2_base,,AP,,,,,,,,,,,,,,,,,,,,,,,,,,,,,,,,,,,,,,,,,,,,,,,,,,,,,,,,,,2000,,,,,,,,,,,,,,,,,,,,,,,,,medsam3_seg,chexmask_crop,chexmask_crop_minus_medsam3_seg,False,paired,3280,1763,0.7974928487295978,0.8013000346953879,0.0038071859657901053,-0.002476104445435509,0.009886535710602799,0.012362640156038308,False,0.238,0.7804826922084321,0.7873944736165381,0.006911781408105999,-0.0010851138148666867,0.014554339744618214,0.0156394535594849,False,0.085,0.04865295263543665,0.07416249801847746,0.7459015437629595,0.9392094780901411,20260910_104021_convnextv2_base_AP_medsam3_seg_cv_5fold_holdout15pct,20260912_075603_convnextv2_base_AP_chexmask_crop_cv_5fold_holdout15pct,,,,,,,,,,,,
delta_by_backbone,,densenet201,,AP,,,,,,,,,,,,,,,,,,,,,,,,,,,,,,,,,,,,,,,,,,,,,,,,,,,,,,,,,,2000,,,,,,,,,,,,,,,,,,,,,,,,,medsam3_seg,chexmask_crop,chexmask_crop_minus_medsam3_seg,False,paired,3280,1763,0.7900247781654329,0.7953526793624983,0.005327901197065388,-0.0013285700768871254,0.012490748032555513,0.01381931810944264,False,0.135,0.7722862799960293,0.7783400862899255,0.00605380629389618,-0.002038983615545667,0.013906735847810126,0.015945719463355792,False,0.142,0.04997362352107594,0.07513339261504778,0.7234677588745498,0.9304949113261949,20260917_162947_densenet_AP_medsam3_seg_cv_5fold_holdout15pct,20260918_030110_densenet_AP_chexmask_crop_cv_5fold_holdout15pct,,,,,,,,,,,,
delta_by_backbone,,eva_x_base,,AP,,,,,,,,,,,,,,,,,,,,,,,,,,,,,,,,,,,,,,,,,,,,,,,,,,,,,,,,,,2000,,,,,,,,,,,,,,,,,,,,,,,,,medsam3_seg,chexmask_crop,chexmask_crop_minus_medsam3_seg,False,paired,3280,1763,0.806377399454106,0.8130949775075608,0.0067175780534547425,0.000660653445956777,0.012910756902916128,0.01225010345695935,True,0.026,0.794614597961208,0.8032818180460273,0.008667220084819238,0.0014745089071407037,0.015896637074864734,0.01442212816772403,True,0.016,0.046903032811654095,0.06931711016868967,0.7388206535353181,0.9497675115519543,20260910_151857_eva_x_base_AP_medsam3_seg_cv_5fold_holdout15pct,20260912_120123_eva_x_base_AP_chexmask_crop_cv_5fold_holdout15pct,,,,,,,,,,,,
delta_by_backbone,,microsoft/rad-dino,,AP,,,,,,,,,,,,,,,,,,,,,,,,,,,,,,,,,,,,,,,,,,,,,,,,,,,,,,,,,,2000,,,,,,,,,,,,,,,,,,,,,,,,,medsam3_seg,chexmask_crop,chexmask_crop_minus_medsam3_seg,False,paired,3280,1763,0.8044825547718071,0.8119014859453898,0.007418931173582721,0.0016227334732123956,0.013368448564057434,0.011745715090845038,True,0.015,0.789194994139062,0.7983234661338474,0.009128471994785392,0.0009000004690919328,0.016623526064181663,0.01572352559508973,True,0.034,0.048086707930987634,0.0726691052728156,0.7557388393544827,0.9497033387944566,20260915_162728_rad_dino_AP_medsam3_seg_cv_5fold_holdout15pct,20260916_030439_rad_dino_AP_chexmask_crop_cv_5fold_holdout15pct,,,,,,,,,,,,
delta_by_backbone,,resnet152,,AP,,,,,,,,,,,,,,,,,,,,,,,,,,,,,,,,,,,,,,,,,,,,,,,,,,,,,,,,,,2000,,,,,,,,,,,,,,,,,,,,,,,,,medsam3_seg,chexmask_crop,chexmask_crop_minus_medsam3_seg,False,paired,3280,1763,0.7826010075064141,0.7908396730592546,0.008238665552840474,0.0007750999039359413,0.015404919621401808,0.014629819717465867,True,0.032,0.7676127239467831,0.7747639641631591,0.00715124021637592,-0.0022705964162767684,0.01614183596624946,0.01841243238252623,False,0.135,0.04942686878509371,0.07153585776229203,0.7040107925696081,0.9226190454783258,20260917_140723_resnet152_AP_medsam3_seg_cv_5fold_holdout15pct,20260918_010544_resnet152_AP_chexmask_crop_cv_5fold_holdout15pct,,,,,,,,,,,,
delta_by_backbone,,swinv2_base_window16_256,,AP,,,,,,,,,,,,,,,,,,,,,,,,,,,,,,,,,,,,,,,,,,,,,,,,,,,,,,,,,,2000,,,,,,,,,,,,,,,,,,,,,,,,,medsam3_seg,chexmask_crop,chexmask_crop_minus_medsam3_seg,False,paired,3280,1763,0.7952584955305491,0.8025099060544196,0.007251410523870572,0.000289860684586016,0.013681917988139817,0.0133920573035538,True,0.04,0.7783613890282354,0.7916032443920521,0.013241855363816724,0.0044411606055110905,0.021660277317913333,0.01721911671240224,True,0.005,0.048770219384570185,0.07545138066095487,0.7254050223159187,0.9256968899490025,20260913_232648_swint_base_AP_medsam3_seg_cv_5fold_holdout15pct,20260914_124109_swint_base_AP_chexmask_crop_cv_5fold_holdout15pct,,,,,,,,,,,,
delta_by_backbone,,vit_base_patch16_dinov3,,AP,,,,,,,,,,,,,,,,,,,,,,,,,,,,,,,,,,,,,,,,,,,,,,,,,,,,,,,,,,2000,,,,,,,,,,,,,,,,,,,,,,,,,medsam3_seg,chexmask_crop,chexmask_crop_minus_medsam3_seg,False,paired,3280,1763,0.7999535409398132,0.8071714473337414,0.007217906393928164,0.0015032197534756819,0.012591650465861496,0.011088430712385815,True,0.006,0.7900066179687654,0.7900409209575507,3.430298878537297e-05,-0.007837030384017299,0.007390558276700657,0.015227588660717956,False,0.989,0.04789521195282294,0.06853173037784291,0.768485611394559,0.9573367584766691,20260910_133001_dinov3_base_AP_medsam3_seg_cv_5fold_holdout15pct,20260912_104931_dinov3_base_AP_chexmask_crop_cv_5fold_holdout15pct,,,,,,,,,,,,
delta_by_backbone,,convnextv2_base,,AP,,,,,,,,,,,,,,,,,,,,,,,,,,,,,,,,,,,,,,,,,,,,,,,,,,,,,,,,,,2000,,,,,,,,,,,,,,,,,,,,,,,,,medsam3_seg,chexmask_seg,chexmask_seg_minus_medsam3_seg,False,paired,3280,1763,0.7974928487295978,0.7957837658344241,-0.0017090828951736858,-0.007086858619519856,0.0036455528652527213,0.010732411484772577,False,0.539,0.7804826922084321,0.7798593390827564,-0.0006233531256757407,-0.007492840774211068,0.005925331818596868,0.013418172592807937,False,0.816,0.04938617619892168,0.07490390497899091,0.7826838943443669,0.9613118290748257,20260910_104021_convnextv2_base_AP_medsam3_seg_cv_5fold_holdout15pct,20260911_192830_convnextv2_base_AP_chexmask_seg_cv_5fold_holdout15pct,,,,,,,,,,,,
delta_by_backbone,,densenet201,,AP,,,,,,,,,,,,,,,,,,,,,,,,,,,,,,,,,,,,,,,,,,,,,,,,,,,,,,,,,,2000,,,,,,,,,,,,,,,,,,,,,,,,,medsam3_seg,chexmask_seg,chexmask_seg_minus_medsam3_seg,False,paired,3280,1763,0.7900247781654329,0.790153582931656,0.00012880476622312287,-0.005273870668539032,0.0060255089690675195,0.011299379637606553,False,0.989,0.7722862799960293,0.7777242181717336,0.005437938175704371,-0.0006394569494231866,0.011306451943343556,0.011945908892766742,False,0.086,0.048756992118199255,0.0747867655335139,0.7682510928850163,0.9538338110762977,20260917_162947_densenet_AP_medsam3_seg_cv_5fold_holdout15pct,20260917_234135_densenet_AP_chexmask_seg_cv_5fold_holdout15pct,,,,,,,,,,,,
delta_by_backbone,,eva_x_base,,AP,,,,,,,,,,,,,,,,,,,,,,,,,,,,,,,,,,,,,,,,,,,,,,,,,,,,,,,,,,2000,,,,,,,,,,,,,,,,,,,,,,,,,medsam3_seg,chexmask_seg,chexmask_seg_minus_medsam3_seg,False,paired,3280,1763,0.806377399454106,0.8075965775158995,0.0012191780617935022,-0.0034656818077260566,0.00613280704751116,0.009598488855237217,False,0.577,0.794614597961208,0.7951281203948997,0.0005135224336916266,-0.004957181330975108,0.005724047753319233,0.010681229084294341,False,0.804,0.04910199065764369,0.06939431397513256,0.8045193539675153,0.9712893208641099,20260910_151857_eva_x_base_AP_medsam3_seg_cv_5fold_holdout15pct,20260911_234000_eva_x_base_AP_chexmask_seg_cv_5fold_holdout15pct,,,,,,,,,,,,
delta_by_backbone,,microsoft/rad-dino,,AP,,,,,,,,,,,,,,,,,,,,,,,,,,,,,,,,,,,,,,,,,,,,,,,,,,,,,,,,,,2000,,,,,,,,,,,,,,,,,,,,,,,,,medsam3_seg,chexmask_seg,chexmask_seg_minus_medsam3_seg,False,paired,3280,1763,0.8044825547718071,0.8063807498671003,0.0018981950952932092,-0.0025016548515568475,0.005943606770696315,0.008445261622253161,False,0.359,0.789194994139062,0.7929068462561228,0.003711852117060821,-0.0012924865864719164,0.008137146971436417,0.009429633557908334,False,0.129,0.047963923754698004,0.07366763319749359,0.8239247133857359,0.9750471791799913,20260915_162728_rad_dino_AP_medsam3_seg_cv_5fold_holdout15pct,20260915_233922_rad_dino_AP_chexmask_seg_cv_5fold_holdout15pct,,,,,,,,,,,,
delta_by_backbone,,resnet152,,AP,,,,,,,,,,,,,,,,,,,,,,,,,,,,,,,,,,,,,,,,,,,,,,,,,,,,,,,,,,2000,,,,,,,,,,,,,,,,,,,,,,,,,medsam3_seg,chexmask_seg,chexmask_seg_minus_medsam3_seg,False,paired,3280,1763,0.7826010075064141,0.7859015365738528,0.0033005290674386067,-0.003108530317336905,0.009855457703863217,0.012963988021200122,False,0.332,0.7676127239467831,0.7707673963603972,0.0031546724136140014,-0.004006836718589288,0.010357683320102555,0.014364520038691844,False,0.379,0.049788192158855896,0.07474572803372748,0.7396172172743934,0.9469971122708833,20260917_140723_resnet152_AP_medsam3_seg_cv_5fold_holdout15pct,20260917_212010_resnet152_AP_chexmask_seg_cv_5fold_holdout15pct,,,,,,,,,,,,
delta_by_backbone,,swinv2_base_window16_256,,AP,,,,,,,,,,,,,,,,,,,,,,,,,,,,,,,,,,,,,,,,,,,,,,,,,,,,,,,,,,2000,,,,,,,,,,,,,,,,,,,,,,,,,medsam3_seg,chexmask_seg,chexmask_seg_minus_medsam3_seg,False,paired,3280,1763,0.7952584955305491,0.7984968558235389,0.0032383602929898503,-0.0017910769351071748,0.008033200350976629,0.009824277286083804,False,0.18,0.7783613890282354,0.7833833995514119,0.005022010523176523,-0.002006657477920959,0.011796529551209302,0.013803187029130262,False,0.168,0.04820182605248328,0.0735378635155499,0.7961845413203454,0.9596332988541993,20260913_232648_swint_base_AP_medsam3_seg_cv_5fold_holdout15pct,20260914_081823_swint_base_AP_chexmask_seg_cv_5fold_holdout15pct,,,,,,,,,,,,
delta_by_backbone,,vit_base_patch16_dinov3,,AP,,,,,,,,,,,,,,,,,,,,,,,,,,,,,,,,,,,,,,,,,,,,,,,,,,,,,,,,,,2000,,,,,,,,,,,,,,,,,,,,,,,,,medsam3_seg,chexmask_seg,chexmask_seg_minus_medsam3_seg,False,paired,3280,1763,0.7999535409398132,0.7991501863574161,-0.0008033545823971089,-0.005978540336317487,0.004352751364914528,0.010331291701232015,False,0.741,0.7900066179687654,0.7885722362404063,-0.0014343817283590798,-0.007361200835325465,0.00469926392361482,0.012060464758940286,False,0.653,0.04779498131051414,0.06848685437560594,0.7838414951119712,0.965799969122454,20260910_133001_dinov3_base_AP_medsam3_seg_cv_5fold_holdout15pct,20260911_222254_dinov3_base_AP_chexmask_seg_cv_5fold_holdout15pct,,,,,,,,,,,,
delta_by_backbone,,convnextv2_base,,AP,,,,,,,,,,,,,,,,,,,,,,,,,,,,,,,,,,,,,,,,,,,,,,,,,,,,,,,,,,2000,,,,,,,,,,,,,,,,,,,,,,,,,medsam3_seg,medsam3_crop,medsam3_crop_minus_medsam3_seg,False,paired,3280,1763,0.7974928487295978,0.8071446440297874,0.009651795300189558,0.003556874882351771,0.015628583754473964,0.012071708872122193,True,0.0,0.7804826922084321,0.79162207528424,0.011139383075807863,0.00416347395075492,0.017768779160869632,0.013605305210114712,True,0.001,0.04721281174407779,0.07357478908548432,0.7443128586037576,0.9528930459515417,20260910_104021_convnextv2_base_AP_medsam3_seg_cv_5fold_holdout15pct,20260910_235159_convnextv2_base_AP_medsam3_crop_cv_5fold_holdout15pct,,,,,,,,,,,,
delta_by_backbone,,densenet201,,AP,,,,,,,,,,,,,,,,,,,,,,,,,,,,,,,,,,,,,,,,,,,,,,,,,,,,,,,,,,2000,,,,,,,,,,,,,,,,,,,,,,,,,medsam3_seg,medsam3_crop,medsam3_crop_minus_medsam3_seg,False,paired,3280,1763,0.7900247781654329,0.7954628707231978,0.00543809255776484,-0.0016473376686289842,0.012324166117829624,0.013971503786458608,False,0.131,0.7722862799960293,0.7782539899168065,0.00596770992077722,-0.0021944024027487435,0.014080193515446936,0.01627459591819568,False,0.134,0.04877775678005516,0.07451752783458249,0.7135681362007315,0.933247544644987,20260917_162947_densenet_AP_medsam3_seg_cv_5fold_holdout15pct,20260917_195955_densenet_AP_medsam3_crop_cv_5fold_holdout15pct,,,,,,,,,,,,
delta_by_backbone,,eva_x_base,,AP,,,,,,,,,,,,,,,,,,,,,,,,,,,,,,,,,,,,,,,,,,,,,,,,,,,,,,,,,,2000,,,,,,,,,,,,,,,,,,,,,,,,,medsam3_seg,medsam3_crop,medsam3_crop_minus_medsam3_seg,False,paired,3280,1763,0.806377399454106,0.8137490525776588,0.007371653123552813,0.0011295567784780885,0.013647209450736636,0.012517652672258548,True,0.03,0.794614597961208,0.8028175435917962,0.00820294563058821,0.0008910931980667393,0.01523874200125469,0.014347648803187951,True,0.026,0.047117003996686516,0.06628486924460099,0.7343283398677292,0.9486018545628899,20260910_151857_eva_x_base_AP_medsam3_seg_cv_5fold_holdout15pct,20260911_103605_eva_x_base_AP_medsam3_crop_cv_5fold_holdout15pct,,,,,,,,,,,,
delta_by_backbone,,microsoft/rad-dino,,AP,,,,,,,,,,,,,,,,,,,,,,,,,,,,,,,,,,,,,,,,,,,,,,,,,,,,,,,,,,2000,,,,,,,,,,,,,,,,,,,,,,,,,medsam3_seg,medsam3_crop,medsam3_crop_minus_medsam3_seg,False,paired,3280,1763,0.8044825547718071,0.8152891257506787,0.01080657097887161,0.00478373388554641,0.016559356647804235,0.011775622762257826,True,0.001,0.789194994139062,0.8034051758422475,0.014210181703185443,0.006389964484649693,0.02204576554174789,0.015655801057098198,True,0.001,0.04866800976710979,0.07466394196217718,0.7580418262713533,0.9503957952805147,20260915_162728_rad_dino_AP_medsam3_seg_cv_5fold_holdout15pct,20260915_195640_rad_dino_AP_medsam3_crop_cv_5fold_holdout15pct,,,,,,,,,,,,
delta_by_backbone,,resnet152,,AP,,,,,,,,,,,,,,,,,,,,,,,,,,,,,,,,,,,,,,,,,,,,,,,,,,,,,,,,,,2000,,,,,,,,,,,,,,,,,,,,,,,,,medsam3_seg,medsam3_crop,medsam3_crop_minus_medsam3_seg,False,paired,3280,1763,0.7826010075064141,0.7893130015382118,0.0067119940317976745,-0.000681908440245349,0.014030594313064531,0.01471250275330988,False,0.081,0.7676127239467831,0.7721810779421177,0.0045683539953345065,-0.004920348193200208,0.013805338033947909,0.018725686227148118,False,0.354,0.04960376603565004,0.07395949409163945,0.7033994809439255,0.9219570373868153,20260917_140723_resnet152_AP_medsam3_seg_cv_5fold_holdout15pct,20260917_175129_resnet152_AP_medsam3_crop_cv_5fold_holdout15pct,,,,,,,,,,,,
delta_by_backbone,,swinv2_base_window16_256,,AP,,,,,,,,,,,,,,,,,,,,,,,,,,,,,,,,,,,,,,,,,,,,,,,,,,,,,,,,,,2000,,,,,,,,,,,,,,,,,,,,,,,,,medsam3_seg,medsam3_crop,medsam3_crop_minus_medsam3_seg,False,paired,3280,1763,0.7952584955305491,0.8009575480337543,0.0056990525032052375,-0.00041501350821292193,0.011836544511877236,0.012251558020090158,False,0.07,0.7783613890282354,0.7902274549654072,0.011866065937171877,0.00399788390968433,0.019764963694568337,0.01576707978488401,True,0.004,0.047138859836296315,0.07237695276895761,0.7400964286654932,0.9336955945448896,20260913_232648_swint_base_AP_medsam3_seg_cv_5fold_holdout15pct,20260914_034547_swint_base_AP_medsam3_crop_cv_5fold_holdout15pct,,,,,,,,,,,,
delta_by_backbone,,vit_base_patch16_dinov3,,AP,,,,,,,,,,,,,,,,,,,,,,,,,,,,,,,,,,,,,,,,,,,,,,,,,,,,,,,,,,2000,,,,,,,,,,,,,,,,,,,,,,,,,medsam3_seg,medsam3_crop,medsam3_crop_minus_medsam3_seg,False,paired,3280,1763,0.7999535409398132,0.8090473063424063,0.009093765402593101,0.0036848440518231634,0.014388742984718563,0.0107038989328954,True,0.003,0.7900066179687654,0.794109255194171,0.004102637225405603,-0.002800748525802893,0.011154278316333472,0.013955026842136365,False,0.228,0.047916695775089356,0.06859913618885848,0.7766144188418752,0.9543016089938441,20260910_133001_dinov3_base_AP_medsam3_seg_cv_5fold_holdout15pct,20260911_091737_dinov3_base_AP_medsam3_crop_cv_5fold_holdout15pct,,,,,,,,,,,,
delta_by_backbone,,convnextv2_base,,AP,,,,,,,,,,,,,,,,,,,,,,,,,,,,,,,,,,,,,,,,,,,,,,,,,,,,,,,,,,2000,,,,,,,,,,,,,,,,,,,,,,,,,raw,chexmask_crop,chexmask_crop_minus_raw,True,paired,3280,1763,0.8029104665412867,0.8013000346953879,-0.0016104318458988187,-0.005674718180838087,0.00235348096324508,0.008028199144083167,False,0.407,0.7875501883542125,0.7873944736165381,-0.00015571473767439503,-0.005661948000044495,0.005528783170606,0.011190731170650494,False,0.894,0.05047289770528835,0.07548166593093264,0.8409403955572378,0.9746031374094197,20260909_143039_convnextv2_base_AP_raw_cv_5fold_holdout15pct,20260912_075603_convnextv2_base_AP_chexmask_crop_cv_5fold_holdout15pct,,,,,,,,,,,,
delta_by_backbone,,densenet201,,AP,,,,,,,,,,,,,,,,,,,,,,,,,,,,,,,,,,,,,,,,,,,,,,,,,,,,,,,,,,2000,,,,,,,,,,,,,,,,,,,,,,,,,raw,chexmask_crop,chexmask_crop_minus_raw,True,paired,3280,1763,0.7960168056715791,0.7953526793624983,-0.0006641263090807481,-0.006330007157798837,0.004553058575172798,0.010883065732971636,False,0.795,0.7783636509484467,0.7783400862899255,-2.356465852126899e-05,-0.006583045316411041,0.006660733031026237,0.013243778347437278,False,0.946,0.048303044041452525,0.07296945406061676,0.7746919278289781,0.9622937660323279,20260917_124505_densenet_AP_raw_cv_5fold_holdout15pct,20260918_030110_densenet_AP_chexmask_crop_cv_5fold_holdout15pct,,,,,,,,,,,,
delta_by_backbone,,eva_x_base,,AP,,,,,,,,,,,,,,,,,,,,,,,,,,,,,,,,,,,,,,,,,,,,,,,,,,,,,,,,,,2000,,,,,,,,,,,,,,,,,,,,,,,,,raw,chexmask_crop,chexmask_crop_minus_raw,True,paired,3280,1763,0.8128183823014806,0.8130949775075608,0.00027659520608014354,-0.003104176239291398,0.003677298782494911,0.006781475021786309,False,0.866,0.8018108531983887,0.8032818180460273,0.001470964847638534,-0.0031622813151977345,0.006071635209364657,0.009233916524562392,False,0.542,0.047951012912802876,0.06845242473047702,0.8585749370066871,0.9822931273316976,20260909_184003_eva_x_base_AP_raw_cv_5fold_holdout15pct,20260912_120123_eva_x_base_AP_chexmask_crop_cv_5fold_holdout15pct,,,,,,,,,,,,
delta_by_backbone,,microsoft/rad-dino,,AP,,,,,,,,,,,,,,,,,,,,,,,,,,,,,,,,,,,,,,,,,,,,,,,,,,,,,,,,,,2000,,,,,,,,,,,,,,,,,,,,,,,,,raw,chexmask_crop,chexmask_crop_minus_raw,True,paired,3280,1763,0.8131478395792477,0.8119014859453898,-0.001246353633857944,-0.004545254683734623,0.002196354347945355,0.006741609031679978,False,0.456,0.8011676548800984,0.7983234661338474,-0.0028441887462510307,-0.006938925598271542,0.0013656167351196245,0.008304542333391167,False,0.2,0.04701436339233618,0.06894743853521347,0.8566053319616165,0.9849117087050437,20260915_124445_rad_dino_AP_raw_cv_5fold_holdout15pct,20260916_030439_rad_dino_AP_chexmask_crop_cv_5fold_holdout15pct,,,,,,,,,,,,
delta_by_backbone,,resnet152,,AP,,,,,,,,,,,,,,,,,,,,,,,,,,,,,,,,,,,,,,,,,,,,,,,,,,,,,,,,,,2000,,,,,,,,,,,,,,,,,,,,,,,,,raw,chexmask_crop,chexmask_crop_minus_raw,True,paired,3280,1763,0.7859555154498711,0.7908396730592546,0.004884157609383544,-0.00015654210962381122,0.01003630338295317,0.010192845492576982,False,0.056,0.7721211356628582,0.7747639641631591,0.0026428285003008423,-0.004692012314033994,0.010140020567108764,0.014832032881142758,False,0.489,0.04981353151474881,0.07472944856712602,0.7953799864689561,0.9637115775413371,20260917_104528_resnet152_AP_raw_cv_5fold_holdout15pct,20260918_010544_resnet152_AP_chexmask_crop_cv_5fold_holdout15pct,,,,,,,,,,,,
delta_by_backbone,,swinv2_base_window16_256,,AP,,,,,,,,,,,,,,,,,,,,,,,,,,,,,,,,,,,,,,,,,,,,,,,,,,,,,,,,,,2000,,,,,,,,,,,,,,,,,,,,,,,,,raw,chexmask_crop,chexmask_crop_minus_raw,True,paired,3280,1763,0.7996077038651853,0.8025099060544196,0.0029022021892343153,-0.0032696973340927,0.009082227719396034,0.012351925053488734,False,0.355,0.7848594900947714,0.7916032443920521,0.006743754297280691,-0.0002925300957850679,0.013669216662166285,0.013961746757951353,False,0.058,0.046818565802902445,0.07089774566886901,0.7361746383798242,0.9433576221720293,20260913_190041_swint_base_AP_raw_cv_5fold_holdout15pct,20260914_124109_swint_base_AP_chexmask_crop_cv_5fold_holdout15pct,,,,,,,,,,,,
delta_by_backbone,,vit_base_patch16_dinov3,,AP,,,,,,,,,,,,,,,,,,,,,,,,,,,,,,,,,,,,,,,,,,,,,,,,,,,,,,,,,,2000,,,,,,,,,,,,,,,,,,,,,,,,,raw,chexmask_crop,chexmask_crop_minus_raw,True,paired,3280,1763,0.805431838453509,0.8071714473337414,0.0017396088802323906,-0.0022407833695819723,0.006200792493379296,0.008441575862961268,False,0.399,0.7944014420800896,0.7900409209575507,-0.0043605211225388185,-0.01051148079691091,0.0019862558778018387,0.01249773667471275,False,0.185,0.04615594181985869,0.0702373665938649,0.8171074940706927,0.9733318422827073,20260909_171916_dinov3_base_AP_raw_cv_5fold_holdout15pct,20260912_104931_dinov3_base_AP_chexmask_crop_cv_5fold_holdout15pct,,,,,,,,,,,,
delta_by_backbone,,convnextv2_base,,AP,,,,,,,,,,,,,,,,,,,,,,,,,,,,,,,,,,,,,,,,,,,,,,,,,,,,,,,,,,2000,,,,,,,,,,,,,,,,,,,,,,,,,raw,chexmask_seg,chexmask_seg_minus_raw,True,paired,3280,1763,0.8029104665412867,0.7957837658344241,-0.00712670070686261,-0.013678938836506088,-0.0008919603927425724,0.012786978443763516,True,0.027,0.7875501883542125,0.7798593390827564,-0.007690849271456135,-0.016043813512019972,-0.0004893386759550903,0.015554474836064883,True,0.038,0.049119280517751024,0.07364214899244648,0.7396749645153601,0.9458166724460317,20260909_143039_convnextv2_base_AP_raw_cv_5fold_holdout15pct,20260911_192830_convnextv2_base_AP_chexmask_seg_cv_5fold_holdout15pct,,,,,,,,,,,,
delta_by_backbone,,densenet201,,AP,,,,,,,,,,,,,,,,,,,,,,,,,,,,,,,,,,,,,,,,,,,,,,,,,,,,,,,,,,2000,,,,,,,,,,,,,,,,,,,,,,,,,raw,chexmask_seg,chexmask_seg_minus_raw,True,paired,3280,1763,0.7960168056715791,0.790153582931656,-0.005863222739923013,-0.013117930853345214,0.0012748806905320414,0.014392811543877256,False,0.112,0.7783636509484467,0.7777242181717336,-0.0006394327767130781,-0.008713707581317991,0.00703320338277941,0.015746910964097402,False,0.859,0.04978417349620341,0.07295775758806991,0.7108958423307989,0.9285555058820925,20260917_124505_densenet_AP_raw_cv_5fold_holdout15pct,20260917_234135_densenet_AP_chexmask_seg_cv_5fold_holdout15pct,,,,,,,,,,,,
delta_by_backbone,,eva_x_base,,AP,,,,,,,,,,,,,,,,,,,,,,,,,,,,,,,,,,,,,,,,,,,,,,,,,,,,,,,,,,2000,,,,,,,,,,,,,,,,,,,,,,,,,raw,chexmask_seg,chexmask_seg_minus_raw,True,paired,3280,1763,0.8128183823014806,0.8075965775158995,-0.005221804785581097,-0.010309402556661285,-3.278909970690583e-05,0.01027661345695438,True,0.048,0.8018108531983887,0.7951281203948997,-0.006682732803489078,-0.012167674556585387,-0.001041910305214445,0.011125764251370941,True,0.013,0.04826926804882907,0.06977525654872649,0.7870982123333923,0.9658523154905575,20260909_184003_eva_x_base_AP_raw_cv_5fold_holdout15pct,20260911_234000_eva_x_base_AP_chexmask_seg_cv_5fold_holdout15pct,,,,,,,,,,,,
delta_by_backbone,,microsoft/rad-dino,,AP,,,,,,,,,,,,,,,,,,,,,,,,,,,,,,,,,,,,,,,,,,,,,,,,,,,,,,,,,,2000,,,,,,,,,,,,,,,,,,,,,,,,,raw,chexmask_seg,chexmask_seg_minus_raw,True,paired,3280,1763,0.8131478395792477,0.8063807498671003,-0.006767089712147456,-0.012514735534581356,-0.0009645179620559629,0.011550217572525393,True,0.02,0.8011676548800984,0.7929068462561228,-0.008260808623975602,-0.015358235438173527,-0.0011402429629989578,0.014217992475174569,True,0.023,0.04936971058039283,0.07002093220920666,0.7660464799825552,0.9541171302963481,20260915_124445_rad_dino_AP_raw_cv_5fold_holdout15pct,20260915_233922_rad_dino_AP_chexmask_seg_cv_5fold_holdout15pct,,,,,,,,,,,,
delta_by_backbone,,resnet152,,AP,,,,,,,,,,,,,,,,,,,,,,,,,,,,,,,,,,,,,,,,,,,,,,,,,,,,,,,,,,2000,,,,,,,,,,,,,,,,,,,,,,,,,raw,chexmask_seg,chexmask_seg_minus_raw,True,paired,3280,1763,0.7859555154498711,0.7859015365738528,-5.397887601832352e-05,-0.007840173954956845,0.007910853734947274,0.01575102768990412,False,0.973,0.7721211356628582,0.7707673963603972,-0.0013537393024610767,-0.011415394491308708,0.00838245875971429,0.019797853251022998,False,0.793,0.050225325873882974,0.07671349241258288,0.6863927228773918,0.9224357878612205,20260917_104528_resnet152_AP_raw_cv_5fold_holdout15pct,20260917_212010_resnet152_AP_chexmask_seg_cv_5fold_holdout15pct,,,,,,,,,,,,
delta_by_backbone,,swinv2_base_window16_256,,AP,,,,,,,,,,,,,,,,,,,,,,,,,,,,,,,,,,,,,,,,,,,,,,,,,,,,,,,,,,2000,,,,,,,,,,,,,,,,,,,,,,,,,raw,chexmask_seg,chexmask_seg_minus_raw,True,paired,3280,1763,0.7996077038651853,0.7984968558235389,-0.0011108480416464062,-0.007451514493225367,0.005180313429226749,0.012631827922452116,False,0.751,0.7848594900947714,0.7833833995514119,-0.0014760905433595095,-0.00997429565936149,0.0068519141125108814,0.016826209771872373,False,0.721,0.04943306191997879,0.07369567633729693,0.7444660024721864,0.9361888037356018,20260913_190041_swint_base_AP_raw_cv_5fold_holdout15pct,20260914_081823_swint_base_AP_chexmask_seg_cv_5fold_holdout15pct,,,,,,,,,,,,
delta_by_backbone,,vit_base_patch16_dinov3,,AP,,,,,,,,,,,,,,,,,,,,,,,,,,,,,,,,,,,,,,,,,,,,,,,,,,,,,,,,,,2000,,,,,,,,,,,,,,,,,,,,,,,,,raw,chexmask_seg,chexmask_seg_minus_raw,True,paired,3280,1763,0.805431838453509,0.7991501863574161,-0.006281652096092882,-0.01126897171610931,-0.0013356406406218478,0.009933331075487462,True,0.01,0.7944014420800896,0.7885722362404063,-0.005829205839683271,-0.011597086541057669,6.856118537083077e-05,0.0116656477264285,False,0.054,0.046440195399485455,0.06832843800790002,0.7861048819876947,0.9599078450891859,20260909_171916_dinov3_base_AP_raw_cv_5fold_holdout15pct,20260911_222254_dinov3_base_AP_chexmask_seg_cv_5fold_holdout15pct,,,,,,,,,,,,
delta_by_backbone,,convnextv2_base,,AP,,,,,,,,,,,,,,,,,,,,,,,,,,,,,,,,,,,,,,,,,,,,,,,,,,,,,,,,,,2000,,,,,,,,,,,,,,,,,,,,,,,,,raw,medsam3_crop,medsam3_crop_minus_raw,True,paired,3280,1763,0.8029104665412867,0.8071446440297874,0.0042341774885006345,0.0005762863818385034,0.007793980195537519,0.007217693813699016,True,0.022,0.7875501883542125,0.79162207528424,0.0040718869300274685,-0.0007033887966998332,0.008980494148472159,0.009683882945171992,False,0.095,0.04702445260882926,0.07329334859907463,0.8465119015049666,0.9822427072581509,20260909_143039_convnextv2_base_AP_raw_cv_5fold_holdout15pct,20260910_235159_convnextv2_base_AP_medsam3_crop_cv_5fold_holdout15pct,,,,,,,,,,,,
delta_by_backbone,,densenet201,,AP,,,,,,,,,,,,,,,,,,,,,,,,,,,,,,,,,,,,,,,,,,,,,,,,,,,,,,,,,,2000,,,,,,,,,,,,,,,,,,,,,,,,,raw,medsam3_crop,medsam3_crop_minus_raw,True,paired,3280,1763,0.7960168056715791,0.7954628707231978,-0.0005539349483812961,-0.005526743157213726,0.004215378358564031,0.009742121515777757,False,0.836,0.7783636509484467,0.7782539899168065,-0.00010966103164022911,-0.0064178564302603295,0.006096645015424358,0.012514501445684688,False,0.995,0.04675544186369543,0.07485089894722269,0.7916366282201196,0.9648741785815845,20260917_124505_densenet_AP_raw_cv_5fold_holdout15pct,20260917_195955_densenet_AP_medsam3_crop_cv_5fold_holdout15pct,,,,,,,,,,,,
delta_by_backbone,,eva_x_base,,AP,,,,,,,,,,,,,,,,,,,,,,,,,,,,,,,,,,,,,,,,,,,,,,,,,,,,,,,,,,2000,,,,,,,,,,,,,,,,,,,,,,,,,raw,medsam3_crop,medsam3_crop_minus_raw,True,paired,3280,1763,0.8128183823014806,0.8137490525776588,0.0009306702761782137,-0.0025008499771290273,0.004424110859878096,0.006924960837007123,False,0.599,0.8018108531983887,0.8028175435917962,0.0010066903934075055,-0.0039010500753443754,0.005800677013414015,0.00970172708875839,False,0.702,0.04853548045711059,0.07104530248514676,0.8573216794850416,0.9802330210807724,20260909_184003_eva_x_base_AP_raw_cv_5fold_holdout15pct,20260911_103605_eva_x_base_AP_medsam3_crop_cv_5fold_holdout15pct,,,,,,,,,,,,
delta_by_backbone,,microsoft/rad-dino,,AP,,,,,,,,,,,,,,,,,,,,,,,,,,,,,,,,,,,,,,,,,,,,,,,,,,,,,,,,,,2000,,,,,,,,,,,,,,,,,,,,,,,,,raw,medsam3_crop,medsam3_crop_minus_raw,True,paired,3280,1763,0.8131478395792477,0.8152891257506787,0.002141286171430945,-0.0013219925450125068,0.005549027609314656,0.006871020154327162,False,0.206,0.8011676548800984,0.8034051758422475,0.00223752096214902,-0.0023716516644174263,0.006794300323319635,0.00916595198773706,False,0.332,0.04823402777411996,0.07230385563678951,0.857548281339801,0.9826565278890199,20260915_124445_rad_dino_AP_raw_cv_5fold_holdout15pct,20260915_195640_rad_dino_AP_medsam3_crop_cv_5fold_holdout15pct,,,,,,,,,,,,
delta_by_backbone,,resnet152,,AP,,,,,,,,,,,,,,,,,,,,,,,,,,,,,,,,,,,,,,,,,,,,,,,,,,,,,,,,,,2000,,,,,,,,,,,,,,,,,,,,,,,,,raw,medsam3_crop,medsam3_crop_minus_raw,True,paired,3280,1763,0.7859555154498711,0.7893130015382118,0.0033574860883407442,-0.0020604842174044126,0.008920417442697809,0.01098090166010222,False,0.245,0.7721211356628582,0.7721810779421177,5.994227925942841e-05,-0.008585993645440656,0.008017394696321747,0.016603388341762403,False,0.989,0.05165271513786008,0.07451402569504782,0.7874090136250455,0.9582834446042113,20260917_104528_resnet152_AP_raw_cv_5fold_holdout15pct,20260917_175129_resnet152_AP_medsam3_crop_cv_5fold_holdout15pct,,,,,,,,,,,,
delta_by_backbone,,swinv2_base_window16_256,,AP,,,,,,,,,,,,,,,,,,,,,,,,,,,,,,,,,,,,,,,,,,,,,,,,,,,,,,,,,,2000,,,,,,,,,,,,,,,,,,,,,,,,,raw,medsam3_crop,medsam3_crop_minus_raw,True,paired,3280,1763,0.7996077038651853,0.8009575480337543,0.001349844168568981,-0.004626369958412013,0.007230146773329078,0.01185651673174109,False,0.634,0.7848594900947714,0.7902274549654072,0.005367964870635844,-0.0029858046057363473,0.014069862879986161,0.017055667485722507,False,0.23,0.04809315748530059,0.06999872971304687,0.7534676999453619,0.9447907231902855,20260913_190041_swint_base_AP_raw_cv_5fold_holdout15pct,20260914_034547_swint_base_AP_medsam3_crop_cv_5fold_holdout15pct,,,,,,,,,,,,
delta_by_backbone,,vit_base_patch16_dinov3,,AP,,,,,,,,,,,,,,,,,,,,,,,,,,,,,,,,,,,,,,,,,,,,,,,,,,,,,,,,,,2000,,,,,,,,,,,,,,,,,,,,,,,,,raw,medsam3_crop,medsam3_crop_minus_raw,True,paired,3280,1763,0.805431838453509,0.8090473063424063,0.003615467888897328,-0.0008687823116288795,0.0078695652789743,0.00873834759060318,False,0.123,0.7944014420800896,0.794109255194171,-0.0002921868859185883,-0.005957222281037849,0.005229778372652971,0.01118700065369082,False,0.927,0.045673524700113835,0.0711432153259386,0.8086780547816709,0.9747375190450894,20260909_171916_dinov3_base_AP_raw_cv_5fold_holdout15pct,20260911_091737_dinov3_base_AP_medsam3_crop_cv_5fold_holdout15pct,,,,,,,,,,,,
delta_by_backbone,,convnextv2_base,,AP,,,,,,,,,,,,,,,,,,,,,,,,,,,,,,,,,,,,,,,,,,,,,,,,,,,,,,,,,,2000,,,,,,,,,,,,,,,,,,,,,,,,,raw,medsam3_seg,medsam3_seg_minus_raw,True,paired,3280,1763,0.8029104665412867,0.7974928487295978,-0.005417617811688924,-0.011614605411733325,0.0005155644407012749,0.0121301698524346,False,0.077,0.7875501883542125,0.7804826922084321,-0.007067496145780394,-0.013711138779559479,-0.0001418332075147143,0.013569305572044764,True,0.042,0.04727949716580006,0.07271852320921829,0.7434369953238622,0.9548612257050807,20260909_143039_convnextv2_base_AP_raw_cv_5fold_holdout15pct,20260910_104021_convnextv2_base_AP_medsam3_seg_cv_5fold_holdout15pct,,,,,,,,,,,,
delta_by_backbone,,densenet201,,AP,,,,,,,,,,,,,,,,,,,,,,,,,,,,,,,,,,,,,,,,,,,,,,,,,,,,,,,,,,2000,,,,,,,,,,,,,,,,,,,,,,,,,raw,medsam3_seg,medsam3_seg_minus_raw,True,paired,3280,1763,0.7960168056715791,0.7900247781654329,-0.005992027506146136,-0.013184068174421438,0.0009769103144433668,0.014160978488864804,False,0.091,0.7783636509484467,0.7722862799960293,-0.006077370952417449,-0.014070627228441504,0.0020775369219882215,0.016148164150429724,False,0.142,0.048684888483592086,0.072612926608214,0.7091298977990392,0.9283996835526971,20260917_124505_densenet_AP_raw_cv_5fold_holdout15pct,20260917_162947_densenet_AP_medsam3_seg_cv_5fold_holdout15pct,,,,,,,,,,,,
delta_by_backbone,,eva_x_base,,AP,,,,,,,,,,,,,,,,,,,,,,,,,,,,,,,,,,,,,,,,,,,,,,,,,,,,,,,,,,2000,,,,,,,,,,,,,,,,,,,,,,,,,raw,medsam3_seg,medsam3_seg_minus_raw,True,paired,3280,1763,0.8128183823014806,0.806377399454106,-0.006440982847374599,-0.012181578931813462,-0.0012006885585214414,0.01098089037329202,True,0.009,0.8018108531983887,0.794614597961208,-0.007196255237180704,-0.013835767119835146,-0.0005336638567959868,0.013302103263039159,True,0.033,0.05007095007125791,0.07162853716370862,0.7806933889278176,0.9560687262313327,20260909_184003_eva_x_base_AP_raw_cv_5fold_holdout15pct,20260910_151857_eva_x_base_AP_medsam3_seg_cv_5fold_holdout15pct,,,,,,,,,,,,
delta_by_backbone,,microsoft/rad-dino,,AP,,,,,,,,,,,,,,,,,,,,,,,,,,,,,,,,,,,,,,,,,,,,,,,,,,,,,,,,,,2000,,,,,,,,,,,,,,,,,,,,,,,,,raw,medsam3_seg,medsam3_seg_minus_raw,True,paired,3280,1763,0.8131478395792477,0.8044825547718071,-0.008665284807440665,-0.014908616541119805,-0.002793611619581572,0.012115004921538233,True,0.005,0.8011676548800984,0.789194994139062,-0.011972660741036423,-0.019177891137229577,-0.004471200586006537,0.01470669055122304,True,0.002,0.04986611315821565,0.07182147139124925,0.7570493436474659,0.9508750775790141,20260915_124445_rad_dino_AP_raw_cv_5fold_holdout15pct,20260915_162728_rad_dino_AP_medsam3_seg_cv_5fold_holdout15pct,,,,,,,,,,,,
delta_by_backbone,,resnet152,,AP,,,,,,,,,,,,,,,,,,,,,,,,,,,,,,,,,,,,,,,,,,,,,,,,,,,,,,,,,,2000,,,,,,,,,,,,,,,,,,,,,,,,,raw,medsam3_seg,medsam3_seg_minus_raw,True,paired,3280,1763,0.7859555154498711,0.7826010075064141,-0.0033545079434569303,-0.010828926378280538,0.004254244752872209,0.015083171131152748,False,0.377,0.7721211356628582,0.7676127239467831,-0.004508411716075078,-0.0140596109363,0.004679535514318223,0.01873914645061822,False,0.319,0.05052381147139361,0.07764488127462951,0.7014641078752979,0.9218655602089459,20260917_104528_resnet152_AP_raw_cv_5fold_holdout15pct,20260917_140723_resnet152_AP_medsam3_seg_cv_5fold_holdout15pct,,,,,,,,,,,,
delta_by_backbone,,swinv2_base_window16_256,,AP,,,,,,,,,,,,,,,,,,,,,,,,,,,,,,,,,,,,,,,,,,,,,,,,,,,,,,,,,,2000,,,,,,,,,,,,,,,,,,,,,,,,,raw,medsam3_seg,medsam3_seg_minus_raw,True,paired,3280,1763,0.7996077038651853,0.7952584955305491,-0.0043492083346362564,-0.010623029835765038,0.0015925277315424514,0.01221555756730749,False,0.15,0.7848594900947714,0.7783613890282354,-0.006498101066536033,-0.015551083918096087,0.002355560642278877,0.017906644560374965,False,0.145,0.049519982574596055,0.07299837585489903,0.7533206408361275,0.9381536556791019,20260913_190041_swint_base_AP_raw_cv_5fold_holdout15pct,20260913_232648_swint_base_AP_medsam3_seg_cv_5fold_holdout15pct,,,,,,,,,,,,
delta_by_backbone,,vit_base_patch16_dinov3,,AP,,,,,,,,,,,,,,,,,,,,,,,,,,,,,,,,,,,,,,,,,,,,,,,,,,,,,,,,,,2000,,,,,,,,,,,,,,,,,,,,,,,,,raw,medsam3_seg,medsam3_seg_minus_raw,True,paired,3280,1763,0.805431838453509,0.7999535409398132,-0.0054782975136957734,-0.010519202242018164,-0.00046473387323107404,0.01005446836878709,True,0.034,0.7944014420800896,0.7900066179687654,-0.0043948241113241915,-0.010883475591979247,0.0017124451448229147,0.012595920736802161,False,0.183,0.04664473038749768,0.07191685642620313,0.7844457822939412,0.9619708842865085,20260909_171916_dinov3_base_AP_raw_cv_5fold_holdout15pct,20260910_133001_dinov3_base_AP_medsam3_seg_cv_5fold_holdout15pct,,,,,,,,,,,,
delta_by_backbone,,convnextv2_base,,PA,,,,,,,,,,,,,,,,,,,,,,,,,,,,,,,,,,,,,,,,,,,,,,,,,,,,,,,,,,2000,,,,,,,,,,,,,,,,,,,,,,,,,chexmask_seg,chexmask_crop,chexmask_crop_minus_chexmask_seg,False,paired,2521,1743,0.7995994729907774,0.8053717297195558,0.005772256728778458,-0.0057757773759262495,0.017203259983901938,0.02297903735982819,False,0.306,0.6726616983918436,0.6851939870486371,0.012532288656793455,-0.0030612392727927457,0.02828839096215875,0.03134963023495149,False,0.127,0.05866967741288197,0.10532863717742044,0.6083319634073404,0.8999689504930506,20260909_011100_convnextv2_base_PA_chexmask_seg_cv_5fold_holdout15pct,20260913_080912_convnextv2_base_PA_chexmask_crop_cv_5fold_holdout15pct,,,,,,,,,,,,
delta_by_backbone,,densenet201,,PA,,,,,,,,,,,,,,,,,,,,,,,,,,,,,,,,,,,,,,,,,,,,,,,,,,,,,,,,,,2000,,,,,,,,,,,,,,,,,,,,,,,,,chexmask_seg,chexmask_crop,chexmask_crop_minus_chexmask_seg,False,paired,2521,1743,0.7901517033690947,0.7873525315264446,-0.0027991718426501055,-0.01553590020531082,0.010117978724688123,0.025653878929998944,False,0.664,0.6608473931768932,0.6567350701970502,-0.004112322979842986,-0.02216812911586747,0.014482537205859,0.03665066632172647,False,0.662,0.06347989553928525,0.10656872155935904,0.5958739580136398,0.8638802844961335,20260918_164912_densenet_PA_chexmask_seg_cv_5fold_holdout15pct,20260918_200652_densenet_PA_chexmask_crop_cv_5fold_holdout15pct,,,,,,,,,,,,
delta_by_backbone,,eva_x_base,,PA,,,,,,,,,,,,,,,,,,,,,,,,,,,,,,,,,,,,,,,,,,,,,,,,,,,,,,,,,,2000,,,,,,,,,,,,,,,,,,,,,,,,,chexmask_seg,chexmask_crop,chexmask_crop_minus_chexmask_seg,False,paired,2521,1743,0.8006421983813288,0.8238042537172972,0.02316205533596838,0.012597652551726046,0.03447888678647231,0.021881234234746264,True,0.0,0.6891747646910105,0.722803010861197,0.03362824617018656,0.019698641594458905,0.048268393174585096,0.02856975158012619,True,0.0,0.06273865222939684,0.10257125565298608,0.651232000414354,0.9034338788308741,20260909_084516_eva_x_base_PA_chexmask_seg_cv_5fold_holdout15pct,20260913_113626_eva_x_base_PA_chexmask_crop_cv_5fold_holdout15pct,,,,,,,,,,,,
delta_by_backbone,,microsoft/rad-dino,,PA,,,,,,,,,,,,,,,,,,,,,,,,,,,,,,,,,,,,,,,,,,,,,,,,,,,,,,,,,,2000,,,,,,,,,,,,,,,,,,,,,,,,,chexmask_seg,chexmask_crop,chexmask_crop_minus_chexmask_seg,False,paired,2521,1743,0.8015140222096744,0.8169433465085639,0.015429324298889546,0.005577519649593,0.025695710455370595,0.020118190805777595,True,0.002,0.6898532152291402,0.7130821247356445,0.023228909506504247,0.009840106122317583,0.037346264833703076,0.027506158711385495,True,0.0,0.06231716485681618,0.10178822125283539,0.677164536416212,0.9233565811854113,20260916_180556_rad_dino_PA_chexmask_seg_cv_5fold_holdout15pct,20260916_211411_rad_dino_PA_chexmask_crop_cv_5fold_holdout15pct,,,,,,,,,,,,
delta_by_backbone,,resnet152,,PA,,,,,,,,,,,,,,,,,,,,,,,,,,,,,,,,,,,,,,,,,,,,,,,,,,,,,,,,,,2000,,,,,,,,,,,,,,,,,,,,,,,,,chexmask_seg,chexmask_crop,chexmask_crop_minus_chexmask_seg,False,paired,2521,1743,0.7606941464332768,0.7826967814793901,0.022002635046113328,0.008048504405223983,0.03620083064723781,0.028152326242013824,True,0.002,0.6237884906637559,0.6468231246865545,0.023034634022798595,0.0036557547171401556,0.04075940946260975,0.037103654745469596,True,0.02,0.06349054376765483,0.10923509561003773,0.5565902483834768,0.8587276368483832,20260918_144611_resnet152_PA_chexmask_seg_cv_5fold_holdout15pct,20260918_180651_resnet152_PA_chexmask_crop_cv_5fold_holdout15pct,,,,,,,,,,,,
delta_by_backbone,,swinv2_base_window16_256,,PA,,,,,,,,,,,,,,,,,,,,,,,,,,,,,,,,,,,,,,,,,,,,,,,,,,,,,,,,,,2000,,,,,,,,,,,,,,,,,,,,,,,,,chexmask_seg,chexmask_crop,chexmask_crop_minus_chexmask_seg,False,paired,2521,1743,0.7880624882364012,0.7942706568793525,0.006208168642951262,-0.00622923621073565,0.019151644550007577,0.025380880760743227,False,0.318,0.6587226331961384,0.6648181989476751,0.006095565751536691,-0.012197530360242128,0.025579571637991582,0.03777710199823371,False,0.555,0.0629480005425794,0.1107724910865112,0.5967960770481495,0.8531524395675548,20260909_033321_swint_base_PA_chexmask_seg_cv_5fold_holdout15pct,20260914_212018_swint_base_PA_chexmask_crop_cv_5fold_holdout15pct,,,,,,,,,,,,
delta_by_backbone,,vit_base_patch16_dinov3,,PA,,,,,,,,,,,,,,,,,,,,,,,,,,,,,,,,,,,,,,,,,,,,,,,,,,,,,,,,,,2000,,,,,,,,,,,,,,,,,,,,,,,,,chexmask_seg,chexmask_crop,chexmask_crop_minus_chexmask_seg,False,paired,2521,1743,0.7910483719179371,0.8081949934123848,0.017146621494447678,0.006869168356509386,0.027575120626531915,0.02070595227002253,True,0.001,0.6781106156888753,0.6900241400819132,0.011913524393037833,-0.0018748962207781965,0.02632313757977941,0.028198033800557604,False,0.089,0.05916259733535856,0.10164638940832434,0.6500161723351587,0.9066277541773398,20260909_072955_dinov3_base_PA_chexmask_seg_cv_5fold_holdout15pct,20260913_103307_dinov3_base_PA_chexmask_crop_cv_5fold_holdout15pct,,,,,,,,,,,,
delta_by_backbone,,convnextv2_base,,PA,,,,,,,,,,,,,,,,,,,,,,,,,,,,,,,,,,,,,,,,,,,,,,,,,,,,,,,,,,2000,,,,,,,,,,,,,,,,,,,,,,,,,medsam3_crop,chexmask_crop,chexmask_crop_minus_medsam3_crop,False,paired,2521,1743,0.8092467532467532,0.8053717297195558,-0.0038750235271973743,-0.010242618155395736,0.0022238323766788533,0.01246645053207459,False,0.227,0.6956950395567802,0.6851939870486371,-0.01050105250814315,-0.019315168797900635,-0.0008131007967984,0.018502068001102236,True,0.035,0.06078661685268735,0.10626249871408888,0.7949145522889312,0.9691226417346354,20260908_093546_convnextv2_base_PA_medsam3_crop_cv_5fold_holdout15pct,20260913_080912_convnextv2_base_PA_chexmask_crop_cv_5fold_holdout15pct,,,,,,,,,,,,
delta_by_backbone,,densenet201,,PA,,,,,,,,,,,,,,,,,,,,,,,,,,,,,,,,,,,,,,,,,,,,,,,,,,,,,,,,,,2000,,,,,,,,,,,,,,,,,,,,,,,,,medsam3_crop,chexmask_crop,chexmask_crop_minus_medsam3_crop,False,paired,2521,1743,0.7889840015057407,0.7873525315264446,-0.0016314699792960852,-0.007664606554936851,0.004738056740072352,0.012402663295009202,False,0.605,0.6594534613879597,0.6567350701970502,-0.0027183911909094416,-0.013272193818712818,0.006783799691279586,0.020055993509992404,False,0.6,0.06254409769735042,0.10475847272647246,0.8016973023573635,0.9651082488849099,20260918_133311_densenet_PA_medsam3_crop_cv_5fold_holdout15pct,20260918_200652_densenet_PA_chexmask_crop_cv_5fold_holdout15pct,,,,,,,,,,,,
delta_by_backbone,,eva_x_base,,PA,,,,,,,,,,,,,,,,,,,,,,,,,,,,,,,,,,,,,,,,,,,,,,,,,,,,,,,,,,2000,,,,,,,,,,,,,,,,,,,,,,,,,medsam3_crop,chexmask_crop,chexmask_crop_minus_medsam3_crop,False,paired,2521,1743,0.8233427442123095,0.8238042537172972,0.0004615095049876894,-0.004133696677355006,0.004704791268910619,0.008838487946265626,False,0.9,0.722636420700927,0.722803010861197,0.00016659016026998597,-0.006314156502986348,0.006069190523010245,0.012383347025996593,False,0.972,0.05857812875148037,0.09527000021369322,0.8491162463764728,0.9787292327592789,20260908_172509_eva_x_base_PA_medsam3_crop_cv_5fold_holdout15pct,20260913_113626_eva_x_base_PA_chexmask_crop_cv_5fold_holdout15pct,,,,,,,,,,,,
delta_by_backbone,,microsoft/rad-dino,,PA,,,,,,,,,,,,,,,,,,,,,,,,,,,,,,,,,,,,,,,,,,,,,,,,,,,,,,,,,,2000,,,,,,,,,,,,,,,,,,,,,,,,,medsam3_crop,chexmask_crop,chexmask_crop_minus_medsam3_crop,False,paired,2521,1743,0.8158434029738377,0.8169433465085639,0.0010999435347261999,-0.0023330031692873924,0.004635771570055713,0.0069687747393431055,False,0.579,0.7114933235387828,0.7130821247356445,0.0015888011968616667,-0.0037508830112847474,0.006792280019703552,0.0105431630309883,False,0.596,0.057097533198284194,0.09689503442271749,0.8779496354922647,0.9883035722908666,20260916_151509_rad_dino_PA_medsam3_crop_cv_5fold_holdout15pct,20260916_211411_rad_dino_PA_chexmask_crop_cv_5fold_holdout15pct,,,,,,,,,,,,
delta_by_backbone,,resnet152,,PA,,,,,,,,,,,,,,,,,,,,,,,,,,,,,,,,,,,,,,,,,,,,,,,,,,,,,,,,,,2000,,,,,,,,,,,,,,,,,,,,,,,,,medsam3_crop,chexmask_crop,chexmask_crop_minus_medsam3_crop,False,paired,2521,1743,0.7790950498776585,0.7826967814793901,0.003601731601731606,-0.0034746357757957035,0.010797082273216258,0.014271718049011962,False,0.328,0.6488366166928244,0.6468231246865545,-0.00201349200626999,-0.012645175581222213,0.010108860874177355,0.022754036455399567,False,0.738,0.06303707534878958,0.10921869075246374,0.7735980298888343,0.9452196686233284,20260918_112744_resnet152_PA_medsam3_crop_cv_5fold_holdout15pct,20260918_180651_resnet152_PA_chexmask_crop_cv_5fold_holdout15pct,,,,,,,,,,,,
delta_by_backbone,,swinv2_base_window16_256,,PA,,,,,,,,,,,,,,,,,,,,,,,,,,,,,,,,,,,,,,,,,,,,,,,,,,,,,,,,,,2000,,,,,,,,,,,,,,,,,,,,,,,,,medsam3_crop,chexmask_crop,chexmask_crop_minus_medsam3_crop,False,paired,2521,1743,0.8024573687182383,0.7942706568793525,-0.008186711838885752,-0.01584103133263972,-0.000502740922288827,0.015338290410350893,True,0.033,0.6793439249225895,0.6648181989476751,-0.014525725974914416,-0.027951950722446127,-0.0006877131588232429,0.027264237563622885,True,0.041,0.060963297559012204,0.10874864197905149,0.748401234439402,0.9434994232228016,20260908_120636_swint_base_PA_medsam3_crop_cv_5fold_holdout15pct,20260914_212018_swint_base_PA_chexmask_crop_cv_5fold_holdout15pct,,,,,,,,,,,,
delta_by_backbone,,vit_base_patch16_dinov3,,PA,,,,,,,,,,,,,,,,,,,,,,,,,,,,,,,,,,,,,,,,,,,,,,,,,,,,,,,,,,2000,,,,,,,,,,,,,,,,,,,,,,,,,medsam3_crop,chexmask_crop,chexmask_crop_minus_medsam3_crop,False,paired,2521,1743,0.811930735930736,0.8081949934123848,-0.0037357425183511817,-0.010536678819363671,0.0033597687969720695,0.01389644761633574,False,0.333,0.698501622836621,0.6900241400819132,-0.008477482754707832,-0.01882006820380728,0.0022538991615367464,0.021073967365344025,False,0.13,0.05743742096060532,0.09919212934807341,0.7580593385997099,0.9528276089091221,20260908_155706_dinov3_base_PA_medsam3_crop_cv_5fold_holdout15pct,20260913_103307_dinov3_base_PA_chexmask_crop_cv_5fold_holdout15pct,,,,,,,,,,,,
delta_by_backbone,,convnextv2_base,,PA,,,,,,,,,,,,,,,,,,,,,,,,,,,,,,,,,,,,,,,,,,,,,,,,,,,,,,,,,,2000,,,,,,,,,,,,,,,,,,,,,,,,,medsam3_crop,chexmask_seg,chexmask_seg_minus_medsam3_crop,False,paired,2521,1743,0.8092467532467532,0.7995994729907774,-0.009647280255975832,-0.020520300501466242,0.0011437006799985923,0.021664001181464835,False,0.083,0.6956950395567802,0.6726616983918436,-0.023033341164936605,-0.039318146219392475,-0.005410992491039379,0.033907153728353095,True,0.01,0.06005232036564217,0.102109655037954,0.6392478916791449,0.8979419096441643,20260908_093546_convnextv2_base_PA_medsam3_crop_cv_5fold_holdout15pct,20260909_011100_convnextv2_base_PA_chexmask_seg_cv_5fold_holdout15pct,,,,,,,,,,,,
delta_by_backbone,,densenet201,,PA,,,,,,,,,,,,,,,,,,,,,,,,,,,,,,,,,,,,,,,,,,,,,,,,,,,,,,,,,,2000,,,,,,,,,,,,,,,,,,,,,,,,,medsam3_crop,chexmask_seg,chexmask_seg_minus_medsam3_crop,False,paired,2521,1743,0.7889840015057407,0.7901517033690947,0.0011677018633540204,-0.011200158548152261,0.012882634947803865,0.02408279349595613,False,0.816,0.6594534613879597,0.6608473931768932,0.0013939317889335445,-0.017795181598320886,0.019854759032607583,0.03764994063092847,False,0.885,0.06537800683102493,0.10559287647189317,0.6316376918892591,0.8633744478603632,20260918_133311_densenet_PA_medsam3_crop_cv_5fold_holdout15pct,20260918_164912_densenet_PA_chexmask_seg_cv_5fold_holdout15pct,,,,,,,,,,,,
delta_by_backbone,,eva_x_base,,PA,,,,,,,,,,,,,,,,,,,,,,,,,,,,,,,,,,,,,,,,,,,,,,,,,,,,,,,,,,2000,,,,,,,,,,,,,,,,,,,,,,,,,medsam3_crop,chexmask_seg,chexmask_seg_minus_medsam3_crop,False,paired,2521,1743,0.8233427442123095,0.8006421983813288,-0.02270054583098069,-0.032353734333215034,-0.01277120713195318,0.019582527201261853,True,0.0,0.722636420700927,0.6891747646910105,-0.033461656009916574,-0.04805868732185706,-0.019206151796216934,0.028852535525640124,True,0.0,0.05946427220304979,0.09864923858704844,0.6706841524202241,0.9089756216379457,20260908_172509_eva_x_base_PA_medsam3_crop_cv_5fold_holdout15pct,20260909_084516_eva_x_base_PA_chexmask_seg_cv_5fold_holdout15pct,,,,,,,,,,,,
delta_by_backbone,,microsoft/rad-dino,,PA,,,,,,,,,,,,,,,,,,,,,,,,,,,,,,,,,,,,,,,,,,,,,,,,,,,,,,,,,,2000,,,,,,,,,,,,,,,,,,,,,,,,,medsam3_crop,chexmask_seg,chexmask_seg_minus_medsam3_crop,False,paired,2521,1743,0.8158434029738377,0.8015140222096744,-0.014329380764163346,-0.024820686463127694,-0.004563349669996955,0.02025733679313074,True,0.003,0.7114933235387828,0.6898532152291402,-0.02164010830964258,-0.03665199187143339,-0.00772366231245236,0.02892832955898103,True,0.0,0.06203696221974171,0.09985847193629599,0.6734634310207351,0.9229162432214788,20260916_151509_rad_dino_PA_medsam3_crop_cv_5fold_holdout15pct,20260916_180556_rad_dino_PA_chexmask_seg_cv_5fold_holdout15pct,,,,,,,,,,,,
delta_by_backbone,,resnet152,,PA,,,,,,,,,,,,,,,,,,,,,,,,,,,,,,,,,,,,,,,,,,,,,,,,,,,,,,,,,,2000,,,,,,,,,,,,,,,,,,,,,,,,,medsam3_crop,chexmask_seg,chexmask_seg_minus_medsam3_crop,False,paired,2521,1743,0.7790950498776585,0.7606941464332768,-0.018400903444381722,-0.033796579083969526,-0.003970192411073831,0.029826386672895694,True,0.018,0.6488366166928244,0.6237884906637559,-0.025048126029068585,-0.044458763779608015,-0.005699801032317627,0.03875896274729039,True,0.011,0.06568245445656032,0.11366585844540135,0.5459002420102671,0.8465055788358385,20260918_112744_resnet152_PA_medsam3_crop_cv_5fold_holdout15pct,20260918_144611_resnet152_PA_chexmask_seg_cv_5fold_holdout15pct,,,,,,,,,,,,
delta_by_backbone,,swinv2_base_window16_256,,PA,,,,,,,,,,,,,,,,,,,,,,,,,,,,,,,,,,,,,,,,,,,,,,,,,,,,,,,,,,2000,,,,,,,,,,,,,,,,,,,,,,,,,medsam3_crop,chexmask_seg,chexmask_seg_minus_medsam3_crop,False,paired,2521,1743,0.8024573687182383,0.7880624882364012,-0.014394880481837014,-0.026769585002472458,-0.0017811900703591198,0.02498839493211334,True,0.027,0.6793439249225895,0.6587226331961384,-0.020621291726451108,-0.03957281461198972,-0.0017492079680492786,0.037823606643940445,True,0.04,0.061737853021552234,0.10771992416183904,0.5952500174667545,0.8573070028200144,20260908_120636_swint_base_PA_medsam3_crop_cv_5fold_holdout15pct,20260909_033321_swint_base_PA_chexmask_seg_cv_5fold_holdout15pct,,,,,,,,,,,,
delta_by_backbone,,vit_base_patch16_dinov3,,PA,,,,,,,,,,,,,,,,,,,,,,,,,,,,,,,,,,,,,,,,,,,,,,,,,,,,,,,,,,2000,,,,,,,,,,,,,,,,,,,,,,,,,medsam3_crop,chexmask_seg,chexmask_seg_minus_medsam3_crop,False,paired,2521,1743,0.811930735930736,0.7910483719179371,-0.02088236401279886,-0.031019993531148767,-0.011315874614538774,0.019704118916609992,True,0.0,0.698501622836621,0.6781106156888753,-0.020391007147745666,-0.03362524070097169,-0.007973238916498936,0.025652001784472755,True,0.001,0.059055395616688766,0.10102318863538992,0.6663451542259806,0.9115037923805431,20260908_155706_dinov3_base_PA_medsam3_crop_cv_5fold_holdout15pct,20260909_072955_dinov3_base_PA_chexmask_seg_cv_5fold_holdout15pct,,,,,,,,,,,,
delta_by_backbone,,convnextv2_base,,PA,,,,,,,,,,,,,,,,,,,,,,,,,,,,,,,,,,,,,,,,,,,,,,,,,,,,,,,,,,2000,,,,,,,,,,,,,,,,,,,,,,,,,medsam3_seg,chexmask_crop,chexmask_crop_minus_medsam3_seg,False,paired,2521,1743,0.8003402973837757,0.8053717297195558,0.005031432335780184,-0.0068571654925275475,0.016784449652145785,0.023641615144673334,False,0.385,0.6808722128052931,0.6851939870486371,0.004321774243344012,-0.012317423679844244,0.02150130329015603,0.033818726970000275,False,0.602,0.06134128216564551,0.10548529702795822,0.6145888330010496,0.8797323330989262,20260907_180114_convnextv2_base_PA_medsam3_seg_cv_5fold_holdout15pct,20260913_080912_convnextv2_base_PA_chexmask_crop_cv_5fold_holdout15pct,,,,,,,,,,,,
delta_by_backbone,,densenet201,,PA,,,,,,,,,,,,,,,,,,,,,,,,,,,,,,,,,,,,,,,,,,,,,,,,,,,,,,,,,,2000,,,,,,,,,,,,,,,,,,,,,,,,,medsam3_seg,chexmask_crop,chexmask_crop_minus_medsam3_seg,False,paired,2521,1743,0.7879427818558253,0.7873525315264446,-0.0005902503293807593,-0.01323257217227596,0.012728669518965412,0.025961241691241373,False,0.95,0.6586459083042477,0.6567350701970502,-0.001910838107197499,-0.021000918186506397,0.016577101148225807,0.037578019334732204,False,0.846,0.061539586789594175,0.10355604584112146,0.5781375364120709,0.8621309922775426,20260918_101249_densenet_PA_medsam3_seg_cv_5fold_holdout15pct,20260918_200652_densenet_PA_chexmask_crop_cv_5fold_holdout15pct,,,,,,,,,,,,
delta_by_backbone,,eva_x_base,,PA,,,,,,,,,,,,,,,,,,,,,,,,,,,,,,,,,,,,,,,,,,,,,,,,,,,,,,,,,,2000,,,,,,,,,,,,,,,,,,,,,,,,,medsam3_seg,chexmask_crop,chexmask_crop_minus_medsam3_seg,False,paired,2521,1743,0.7974839073969509,0.8238042537172972,0.0263203463203463,0.015988753811156897,0.03660292775104351,0.020614173939886616,True,0.0,0.6850926821336447,0.722803010861197,0.03771032872755231,0.021953481407390764,0.05372938016804386,0.03177589876065309,True,0.0,0.0610676924963271,0.100402600179655,0.6624373200096524,0.8974229895123932,20260908_015426_eva_x_base_PA_medsam3_seg_cv_5fold_holdout15pct,20260913_113626_eva_x_base_PA_chexmask_crop_cv_5fold_holdout15pct,,,,,,,,,,,,
delta_by_backbone,,microsoft/rad-dino,,PA,,,,,,,,,,,,,,,,,,,,,,,,,,,,,,,,,,,,,,,,,,,,,,,,,,,,,,,,,,2000,,,,,,,,,,,,,,,,,,,,,,,,,medsam3_seg,chexmask_crop,chexmask_crop_minus_medsam3_seg,False,paired,2521,1743,0.7997395068699417,0.8169433465085639,0.017203839638622265,0.007226503500311163,0.02675214661383276,0.019525643113521597,True,0.0,0.6861283192652428,0.7130821247356445,0.026953805470401715,0.014105596356411473,0.039800179283718165,0.02569458292730669,True,0.0,0.06005917625260142,0.10427560152787305,0.6748932580860054,0.9152990628736212,20260916_120955_rad_dino_PA_medsam3_seg_cv_5fold_holdout15pct,20260916_211411_rad_dino_PA_chexmask_crop_cv_5fold_holdout15pct,,,,,,,,,,,,
delta_by_backbone,,resnet152,,PA,,,,,,,,,,,,,,,,,,,,,,,,,,,,,,,,,,,,,,,,,,,,,,,,,,,,,,,,,,2000,,,,,,,,,,,,,,,,,,,,,,,,,medsam3_seg,chexmask_crop,chexmask_crop_minus_medsam3_seg,False,paired,2521,1743,0.7711545266327875,0.7826967814793901,0.011542254846602651,-0.001857609302286109,0.025123486785241494,0.026981096087527603,False,0.104,0.6339823653151612,0.6468231246865545,0.012840759371393284,-0.008893751317503026,0.03226073447076076,0.04115448578826379,False,0.282,0.06513553026470395,0.11281105009670747,0.5857699173111931,0.8626741400429953,20260918_073821_resnet152_PA_medsam3_seg_cv_5fold_holdout15pct,20260918_180651_resnet152_PA_chexmask_crop_cv_5fold_holdout15pct,,,,,,,,,,,,
delta_by_backbone,,swinv2_base_window16_256,,PA,,,,,,,,,,,,,,,,,,,,,,,,,,,,,,,,,,,,,,,,,,,,,,,,,,,,,,,,,,2000,,,,,,,,,,,,,,,,,,,,,,,,,medsam3_seg,chexmask_crop,chexmask_crop_minus_medsam3_seg,False,paired,2521,1743,0.7896006022962545,0.7942706568793525,0.004670054583097993,-0.007282627698118385,0.017696547783085725,0.02497917548120411,False,0.471,0.6653528237640765,0.6648181989476751,-0.000534624816401319,-0.02005491287537304,0.01841764975317286,0.0384725626285459,False,0.992,0.0639459716859551,0.10648700006789583,0.6093706167469113,0.8477992301780015,20260907_203123_swint_base_PA_medsam3_seg_cv_5fold_holdout15pct,20260914_212018_swint_base_PA_chexmask_crop_cv_5fold_holdout15pct,,,,,,,,,,,,
delta_by_backbone,,vit_base_patch16_dinov3,,PA,,,,,,,,,,,,,,,,,,,,,,,,,,,,,,,,,,,,,,,,,,,,,,,,,,,,,,,,,,2000,,,,,,,,,,,,,,,,,,,,,,,,,medsam3_seg,chexmask_crop,chexmask_crop_minus_medsam3_seg,False,paired,2521,1743,0.7867946546207416,0.8081949934123848,0.02140033879164316,0.010797436833786395,0.03166497697792094,0.02086754014413455,True,0.0,0.6682123693539368,0.6900241400819132,0.021811770727976354,0.006034049125363222,0.038192079855767024,0.032158030730403804,True,0.004,0.059826817128499826,0.10492861843847487,0.6512008970941254,0.9009695476332151,20260908_002127_dinov3_base_PA_medsam3_seg_cv_5fold_holdout15pct,20260913_103307_dinov3_base_PA_chexmask_crop_cv_5fold_holdout15pct,,,,,,,,,,,,
delta_by_backbone,,convnextv2_base,,PA,,,,,,,,,,,,,,,,,,,,,,,,,,,,,,,,,,,,,,,,,,,,,,,,,,,,,,,,,,2000,,,,,,,,,,,,,,,,,,,,,,,,,medsam3_seg,chexmask_seg,chexmask_seg_minus_medsam3_seg,False,paired,2521,1743,0.8003402973837757,0.7995994729907774,-0.0007408243929982739,-0.008173911622107174,0.00676085828614648,0.014934769908253653,False,0.848,0.6808722128052931,0.6726616983918436,-0.008210514413449443,-0.01965642459381554,0.004839169400435401,0.02449559399425094,False,0.226,0.061485733996096734,0.10877016229515257,0.757101868391101,0.9377733250808169,20260907_180114_convnextv2_base_PA_medsam3_seg_cv_5fold_holdout15pct,20260909_011100_convnextv2_base_PA_chexmask_seg_cv_5fold_holdout15pct,,,,,,,,,,,,
delta_by_backbone,,densenet201,,PA,,,,,,,,,,,,,,,,,,,,,,,,,,,,,,,,,,,,,,,,,,,,,,,,,,,,,,,,,,2000,,,,,,,,,,,,,,,,,,,,,,,,,medsam3_seg,chexmask_seg,chexmask_seg_minus_medsam3_seg,False,paired,2521,1743,0.7879427818558253,0.7901517033690947,0.0022089215132693463,-0.007573728229488752,0.011750216555372424,0.019323944784861175,False,0.662,0.6586459083042477,0.6608473931768932,0.002201484872645487,-0.010730362831872998,0.015646568283566132,0.02637693111543913,False,0.745,0.062337657059565996,0.10341537555153466,0.690011692829642,0.9343272242920637,20260918_101249_densenet_PA_medsam3_seg_cv_5fold_holdout15pct,20260918_164912_densenet_PA_chexmask_seg_cv_5fold_holdout15pct,,,,,,,,,,,,
delta_by_backbone,,eva_x_base,,PA,,,,,,,,,,,,,,,,,,,,,,,,,,,,,,,,,,,,,,,,,,,,,,,,,,,,,,,,,,2000,,,,,,,,,,,,,,,,,,,,,,,,,medsam3_seg,chexmask_seg,chexmask_seg_minus_medsam3_seg,False,paired,2521,1743,0.7974839073969509,0.8006421983813288,0.0031582909843779206,-0.003212218809595205,0.00986200352431547,0.013074222333910675,False,0.356,0.6850926821336447,0.6891747646910105,0.0040820825573657515,-0.005550342365316968,0.013681790870234804,0.01923213323555177,False,0.429,0.06078733136920873,0.10319995859222447,0.7849186328891335,0.957056496500971,20260908_015426_eva_x_base_PA_medsam3_seg_cv_5fold_holdout15pct,20260909_084516_eva_x_base_PA_chexmask_seg_cv_5fold_holdout15pct,,,,,,,,,,,,
delta_by_backbone,,microsoft/rad-dino,,PA,,,,,,,,,,,,,,,,,,,,,,,,,,,,,,,,,,,,,,,,,,,,,,,,,,,,,,,,,,2000,,,,,,,,,,,,,,,,,,,,,,,,,medsam3_seg,chexmask_seg,chexmask_seg_minus_medsam3_seg,False,paired,2521,1743,0.7997395068699417,0.8015140222096744,0.0017745153397327185,-0.004709079947493544,0.009160003872141605,0.013869083819635149,False,0.603,0.6861283192652428,0.6898532152291402,0.0037248959638974677,-0.0051483335597203835,0.013262435500836474,0.01841076906055686,False,0.407,0.06196433844047641,0.10492422508121194,0.7761763593593768,0.9590593039051033,20260916_120955_rad_dino_PA_medsam3_seg_cv_5fold_holdout15pct,20260916_180556_rad_dino_PA_chexmask_seg_cv_5fold_holdout15pct,,,,,,,,,,,,
delta_by_backbone,,resnet152,,PA,,,,,,,,,,,,,,,,,,,,,,,,,,,,,,,,,,,,,,,,,,,,,,,,,,,,,,,,,,2000,,,,,,,,,,,,,,,,,,,,,,,,,medsam3_seg,chexmask_seg,chexmask_seg_minus_medsam3_seg,False,paired,2521,1743,0.7711545266327875,0.7606941464332768,-0.010460380199510677,-0.020687251058834975,0.00016547830306959307,0.02085272936190457,False,0.053,0.6339823653151612,0.6237884906637559,-0.01019387465140531,-0.02510714173463987,0.003991150005986419,0.029098291740626288,False,0.154,0.06599662765273986,0.11513184408652023,0.6840334104398914,0.9160026832452323,20260918_073821_resnet152_PA_medsam3_seg_cv_5fold_holdout15pct,20260918_144611_resnet152_PA_chexmask_seg_cv_5fold_holdout15pct,,,,,,,,,,,,
delta_by_backbone,,swinv2_base_window16_256,,PA,,,,,,,,,,,,,,,,,,,,,,,,,,,,,,,,,,,,,,,,,,,,,,,,,,,,,,,,,,2000,,,,,,,,,,,,,,,,,,,,,,,,,medsam3_seg,chexmask_seg,chexmask_seg_minus_medsam3_seg,False,paired,2521,1743,0.7896006022962545,0.7880624882364012,-0.0015381140598532683,-0.008934529250320239,0.00572448400253789,0.014659013252858129,False,0.706,0.6653528237640765,0.6587226331961384,-0.00663019056793801,-0.019264784739191722,0.00565681875890466,0.02492160349809638,False,0.323,0.06249255793421604,0.10769820223576898,0.7654278567331295,0.937604663746009,20260907_203123_swint_base_PA_medsam3_seg_cv_5fold_holdout15pct,20260909_033321_swint_base_PA_chexmask_seg_cv_5fold_holdout15pct,,,,,,,,,,,,
delta_by_backbone,,vit_base_patch16_dinov3,,PA,,,,,,,,,,,,,,,,,,,,,,,,,,,,,,,,,,,,,,,,,,,,,,,,,,,,,,,,,,2000,,,,,,,,,,,,,,,,,,,,,,,,,medsam3_seg,chexmask_seg,chexmask_seg_minus_medsam3_seg,False,paired,2521,1743,0.7867946546207416,0.7910483719179371,0.004253717297195481,-0.003913628676125566,0.012876295504180907,0.016789924180306472,False,0.3,0.6682123693539368,0.6781106156888753,0.00989824633493852,-0.0020662498658712723,0.022575176845444946,0.02464142671131622,False,0.1,0.06216422231348135,0.10121341012524358,0.729910170907659,0.9376097009763509,20260908_002127_dinov3_base_PA_medsam3_seg_cv_5fold_holdout15pct,20260909_072955_dinov3_base_PA_chexmask_seg_cv_5fold_holdout15pct,,,,,,,,,,,,
delta_by_backbone,,convnextv2_base,,PA,,,,,,,,,,,,,,,,,,,,,,,,,,,,,,,,,,,,,,,,,,,,,,,,,,,,,,,,,,2000,,,,,,,,,,,,,,,,,,,,,,,,,medsam3_seg,medsam3_crop,medsam3_crop_minus_medsam3_seg,False,paired,2521,1743,0.8003402973837757,0.8092467532467532,0.008906455862977558,-0.002112275503322033,0.020298389851477756,0.02241066535479979,False,0.126,0.6808722128052931,0.6956950395567802,0.014822826751487161,-0.000880300268542447,0.030652385155962136,0.03153268542450458,False,0.072,0.059025253536808056,0.10507328544456235,0.6203207269440268,0.8802428553177074,20260907_180114_convnextv2_base_PA_medsam3_seg_cv_5fold_holdout15pct,20260908_093546_convnextv2_base_PA_medsam3_crop_cv_5fold_holdout15pct,,,,,,,,,,,,
delta_by_backbone,,densenet201,,PA,,,,,,,,,,,,,,,,,,,,,,,,,,,,,,,,,,,,,,,,,,,,,,,,,,,,,,,,,,2000,,,,,,,,,,,,,,,,,,,,,,,,,medsam3_seg,medsam3_crop,medsam3_crop_minus_medsam3_seg,False,paired,2521,1743,0.7879427818558253,0.7889840015057407,0.001041219649915326,-0.011063027599904332,0.013001035361208972,0.024064062961113304,False,0.878,0.6586459083042477,0.6594534613879597,0.0008075530837119427,-0.016296006008774854,0.019249945594791856,0.03554595160356671,False,0.947,0.062428226719400876,0.11156284792671803,0.6145323321568111,0.862778976836904,20260918_101249_densenet_PA_medsam3_seg_cv_5fold_holdout15pct,20260918_133311_densenet_PA_medsam3_crop_cv_5fold_holdout15pct,,,,,,,,,,,,
delta_by_backbone,,eva_x_base,,PA,,,,,,,,,,,,,,,,,,,,,,,,,,,,,,,,,,,,,,,,,,,,,,,,,,,,,,,,,,2000,,,,,,,,,,,,,,,,,,,,,,,,,medsam3_seg,medsam3_crop,medsam3_crop_minus_medsam3_seg,False,paired,2521,1743,0.7974839073969509,0.8233427442123095,0.02585883681535861,0.015861962600766208,0.03629885014530216,0.020436887544535952,True,0.0,0.6850926821336447,0.722636420700927,0.037543738567282325,0.020244264263979964,0.054208325814672664,0.033964061550692703,True,0.0,0.060743737669499726,0.10169535784385848,0.6635556465798844,0.9000251282512528,20260908_015426_eva_x_base_PA_medsam3_seg_cv_5fold_holdout15pct,20260908_172509_eva_x_base_PA_medsam3_crop_cv_5fold_holdout15pct,,,,,,,,,,,,
delta_by_backbone,,microsoft/rad-dino,,PA,,,,,,,,,,,,,,,,,,,,,,,,,,,,,,,,,,,,,,,,,,,,,,,,,,,,,,,,,,2000,,,,,,,,,,,,,,,,,,,,,,,,,medsam3_seg,medsam3_crop,medsam3_crop_minus_medsam3_seg,False,paired,2521,1743,0.7997395068699417,0.8158434029738377,0.016103896103896065,0.006187895038366614,0.02631191436812974,0.020124019329763126,True,0.001,0.6861283192652428,0.7114933235387828,0.02536500427354005,0.012027634800931853,0.03938513607223932,0.02735750127130747,True,0.0,0.05904939275701751,0.10194654286587282,0.659200232378824,0.914508317713657,20260916_120955_rad_dino_PA_medsam3_seg_cv_5fold_holdout15pct,20260916_151509_rad_dino_PA_medsam3_crop_cv_5fold_holdout15pct,,,,,,,,,,,,
delta_by_backbone,,resnet152,,PA,,,,,,,,,,,,,,,,,,,,,,,,,,,,,,,,,,,,,,,,,,,,,,,,,,,,,,,,,,2000,,,,,,,,,,,,,,,,,,,,,,,,,medsam3_seg,medsam3_crop,medsam3_crop_minus_medsam3_seg,False,paired,2521,1743,0.7711545266327875,0.7790950498776585,0.007940523244871045,-0.005618609984116524,0.021742891770350974,0.0273615017544675,False,0.263,0.6339823653151612,0.6488366166928244,0.014854251377663275,-0.006665894781675846,0.03415916665529101,0.040825061436966854,False,0.176,0.06251505248342633,0.11287422962351551,0.5623213823307365,0.8545956379765632,20260918_073821_resnet152_PA_medsam3_seg_cv_5fold_holdout15pct,20260918_112744_resnet152_PA_medsam3_crop_cv_5fold_holdout15pct,,,,,,,,,,,,
delta_by_backbone,,swinv2_base_window16_256,,PA,,,,,,,,,,,,,,,,,,,,,,,,,,,,,,,,,,,,,,,,,,,,,,,,,,,,,,,,,,2000,,,,,,,,,,,,,,,,,,,,,,,,,medsam3_seg,medsam3_crop,medsam3_crop_minus_medsam3_seg,False,paired,2521,1743,0.7896006022962545,0.8024573687182383,0.012856766421983745,0.0003044287999512813,0.02557522947938416,0.025270800679432878,True,0.045,0.6653528237640765,0.6793439249225895,0.013991101158513097,-0.005996675537371865,0.03328726341721261,0.03928393895458447,False,0.185,0.05907991370620391,0.1050489219752671,0.5722607042877379,0.8505181807589807,20260907_203123_swint_base_PA_medsam3_seg_cv_5fold_holdout15pct,20260908_120636_swint_base_PA_medsam3_crop_cv_5fold_holdout15pct,,,,,,,,,,,,
delta_by_backbone,,vit_base_patch16_dinov3,,PA,,,,,,,,,,,,,,,,,,,,,,,,,,,,,,,,,,,,,,,,,,,,,,,,,,,,,,,,,,2000,,,,,,,,,,,,,,,,,,,,,,,,,medsam3_seg,medsam3_crop,medsam3_crop_minus_medsam3_seg,False,paired,2521,1743,0.7867946546207416,0.811930735930736,0.02513608130999434,0.015304920778002948,0.03502658090388939,0.019721660125886442,True,0.0,0.6682123693539368,0.698501622836621,0.030289253482684186,0.015824629591755755,0.04467364583875597,0.028849016247000217,True,0.0,0.06283406471137205,0.09964440630026927,0.6861310784766546,0.9078550433156451,20260908_002127_dinov3_base_PA_medsam3_seg_cv_5fold_holdout15pct,20260908_155706_dinov3_base_PA_medsam3_crop_cv_5fold_holdout15pct,,,,,,,,,,,,
delta_by_backbone,,convnextv2_base,,PA,,,,,,,,,,,,,,,,,,,,,,,,,,,,,,,,,,,,,,,,,,,,,,,,,,,,,,,,,,2000,,,,,,,,,,,,,,,,,,,,,,,,,raw,chexmask_crop,chexmask_crop_minus_raw,True,paired,2521,1743,0.8109113495200452,0.8053717297195558,-0.005539619800489337,-0.011478402670791765,-0.00020608976735106576,0.011272312903440699,True,0.046,0.6948410650426781,0.6851939870486371,-0.009647077994040965,-0.019847611795474514,0.0012028914671507358,0.02105050326262525,False,0.08,0.05905093920465833,0.10428190538837474,0.809108660162488,0.9581135267624841,20260912_204440_convnextv2_base_PA_raw_cv_5fold_holdout15pct,20260913_080912_convnextv2_base_PA_chexmask_crop_cv_5fold_holdout15pct,,,,,,,,,,,,
delta_by_backbone,,densenet201,,PA,,,,,,,,,,,,,,,,,,,,,,,,,,,,,,,,,,,,,,,,,,,,,,,,,,,,,,,,,,2000,,,,,,,,,,,,,,,,,,,,,,,,,raw,chexmask_crop,chexmask_crop_minus_raw,True,paired,2521,1743,0.7940101637492942,0.7873525315264446,-0.006657632222849652,-0.014805603269957914,0.001529308293569522,0.016334911563527437,False,0.118,0.6630957294102369,0.6567350701970502,-0.006360659213186626,-0.019406133329170072,0.006761187916856627,0.0261673212460267,False,0.33,0.06535882899392831,0.11017407724596995,0.7500733747074184,0.9402485839167557,20260918_062633_densenet_PA_raw_cv_5fold_holdout15pct,20260918_200652_densenet_PA_chexmask_crop_cv_5fold_holdout15pct,,,,,,,,,,,,
delta_by_backbone,,eva_x_base,,PA,,,,,,,,,,,,,,,,,,,,,,,,,,,,,,,,,,,,,,,,,,,,,,,,,,,,,,,,,,2000,,,,,,,,,,,,,,,,,,,,,,,,,raw,chexmask_crop,chexmask_crop_minus_raw,True,paired,2521,1743,0.8261313758705063,0.8238042537172972,-0.0023271221532091824,-0.008009320150958394,0.003713886105199505,0.011723206256157899,False,0.414,0.7279927234686776,0.722803010861197,-0.005189712607480579,-0.012870207721556101,0.0023909215919272904,0.015261129313483392,False,0.184,0.05888976861282923,0.09542072721263102,0.80092966006995,0.9604174845635204,20260913_004127_eva_x_base_PA_raw_cv_5fold_holdout15pct,20260913_113626_eva_x_base_PA_chexmask_crop_cv_5fold_holdout15pct,,,,,,,,,,,,
delta_by_backbone,,microsoft/rad-dino,,PA,,,,,,,,,,,,,,,,,,,,,,,,,,,,,,,,,,,,,,,,,,,,,,,,,,,,,,,,,,2000,,,,,,,,,,,,,,,,,,,,,,,,,raw,chexmask_crop,chexmask_crop_minus_raw,True,paired,2521,1743,0.8140907208733296,0.8169433465085639,0.0028526256352343626,-0.0014519299846048577,0.007284375152523881,0.008736305137128739,False,0.215,0.7073000764218162,0.7130821247356445,0.005782048313828225,-0.0006555708467362253,0.012668536539333808,0.013324107386070034,False,0.078,0.06072111775602625,0.10304062129419284,0.856124105418634,0.984387387988385,20260916_064318_rad_dino_PA_raw_cv_5fold_holdout15pct,20260916_211411_rad_dino_PA_chexmask_crop_cv_5fold_holdout15pct,,,,,,,,,,,,
delta_by_backbone,,resnet152,,PA,,,,,,,,,,,,,,,,,,,,,,,,,,,,,,,,,,,,,,,,,,,,,,,,,,,,,,,,,,2000,,,,,,,,,,,,,,,,,,,,,,,,,raw,chexmask_crop,chexmask_crop_minus_raw,True,paired,2521,1743,0.7796984754376058,0.7826967814793901,0.0029983060417843044,-0.005623610730052009,0.011557077724859284,0.017180688454911292,False,0.538,0.6397840073920573,0.6468231246865545,0.0070391172944971325,-0.005159291162645291,0.019673851317126772,0.024833142479772065,False,0.289,0.06220927343287816,0.10753838426772974,0.7238243189988594,0.9314849196389425,20260918_042254_resnet152_PA_raw_cv_5fold_holdout15pct,20260918_180651_resnet152_PA_chexmask_crop_cv_5fold_holdout15pct,,,,,,,,,,,,
delta_by_backbone,,swinv2_base_window16_256,,PA,,,,,,,,,,,,,,,,,,,,,,,,,,,,,,,,,,,,,,,,,,,,,,,,,,,,,,,,,,2000,,,,,,,,,,,,,,,,,,,,,,,,,raw,chexmask_crop,chexmask_crop_minus_raw,True,paired,2521,1743,0.7966068134763787,0.7942706568793525,-0.00233615659702624,-0.011461437153447584,0.007112761803557328,0.018574198957004913,False,0.63,0.6785754749850883,0.6648181989476751,-0.013757276037413169,-0.028919570605109517,0.0021288742129923427,0.03104844481810186,False,0.096,0.06335436907723847,0.10700085536618746,0.7068205519597207,0.9175079559175429,20260914_172603_swint_base_PA_raw_cv_5fold_holdout15pct,20260914_212018_swint_base_PA_chexmask_crop_cv_5fold_holdout15pct,,,,,,,,,,,,
delta_by_backbone,,vit_base_patch16_dinov3,,PA,,,,,,,,,,,,,,,,,,,,,,,,,,,,,,,,,,,,,,,,,,,,,,,,,,,,,,,,,,2000,,,,,,,,,,,,,,,,,,,,,,,,,raw,chexmask_crop,chexmask_crop_minus_raw,True,paired,2521,1743,0.8099582156973462,0.8081949934123848,-0.0017632222849613965,-0.009173293655038597,0.005917789883633245,0.015091083538671841,False,0.668,0.6963091449536446,0.6900241400819132,-0.006285004871731448,-0.01793609187739681,0.006646880992054099,0.02458297286945091,False,0.331,0.05996536391482723,0.10342595606678504,0.7483366638096834,0.9508735984833727,20260912_231315_dinov3_base_PA_raw_cv_5fold_holdout15pct,20260913_103307_dinov3_base_PA_chexmask_crop_cv_5fold_holdout15pct,,,,,,,,,,,,
delta_by_backbone,,convnextv2_base,,PA,,,,,,,,,,,,,,,,,,,,,,,,,,,,,,,,,,,,,,,,,,,,,,,,,,,,,,,,,,2000,,,,,,,,,,,,,,,,,,,,,,,,,raw,chexmask_seg,chexmask_seg_minus_raw,True,paired,2521,1743,0.8109113495200452,0.7995994729907774,-0.011311876529267795,-0.022169245510208397,-0.0002545075816178786,0.021914737928590517,True,0.046,0.6948410650426781,0.6726616983918436,-0.02217936665083442,-0.0390424067810099,-0.0038651762293133557,0.03517723055169654,True,0.013,0.060542105400181415,0.10699329737520881,0.6380248459525022,0.896883090764789,20260912_204440_convnextv2_base_PA_raw_cv_5fold_holdout15pct,20260909_011100_convnextv2_base_PA_chexmask_seg_cv_5fold_holdout15pct,,,,,,,,,,,,
delta_by_backbone,,densenet201,,PA,,,,,,,,,,,,,,,,,,,,,,,,,,,,,,,,,,,,,,,,,,,,,,,,,,,,,,,,,,2000,,,,,,,,,,,,,,,,,,,,,,,,,raw,chexmask_seg,chexmask_seg_minus_raw,True,paired,2521,1743,0.7940101637492942,0.7901517033690947,-0.0038584603801995465,-0.01665315302385595,0.008106420438985127,0.024759573462841078,False,0.547,0.6630957294102369,0.6608473931768932,-0.0022483362333436396,-0.019448686280429624,0.01460441922439218,0.0340531055048218,False,0.748,0.06247231599814798,0.1094113026909104,0.6036712731512133,0.8700353938335027,20260918_062633_densenet_PA_raw_cv_5fold_holdout15pct,20260918_164912_densenet_PA_chexmask_seg_cv_5fold_holdout15pct,,,,,,,,,,,,
delta_by_backbone,,eva_x_base,,PA,,,,,,,,,,,,,,,,,,,,,,,,,,,,,,,,,,,,,,,,,,,,,,,,,,,,,,,,,,2000,,,,,,,,,,,,,,,,,,,,,,,,,raw,chexmask_seg,chexmask_seg_minus_raw,True,paired,2521,1743,0.8261313758705063,0.8006421983813288,-0.02548917748917756,-0.03533225893104851,-0.01601472938815505,0.019317529542893456,True,0.0,0.7279927234686776,0.6891747646910105,-0.03881795877766714,-0.052148008845563906,-0.024707813348206733,0.027440195497357173,True,0.0,0.06059585636786706,0.1021560871908964,0.6812070874018177,0.9108004798075267,20260913_004127_eva_x_base_PA_raw_cv_5fold_holdout15pct,20260909_084516_eva_x_base_PA_chexmask_seg_cv_5fold_holdout15pct,,,,,,,,,,,,
delta_by_backbone,,microsoft/rad-dino,,PA,,,,,,,,,,,,,,,,,,,,,,,,,,,,,,,,,,,,,,,,,,,,,,,,,,,,,,,,,,2000,,,,,,,,,,,,,,,,,,,,,,,,,raw,chexmask_seg,chexmask_seg_minus_raw,True,paired,2521,1743,0.8140907208733296,0.8015140222096744,-0.012576698663655184,-0.02277869670850037,-0.002601614320299679,0.020177082388200693,True,0.011,0.7073000764218162,0.6898532152291402,-0.017446861192676022,-0.03150952698188368,-0.004157257311790607,0.027352269670093073,True,0.007,0.06159669429751101,0.10772241983038704,0.6724323826414171,0.9252294071680989,20260916_064318_rad_dino_PA_raw_cv_5fold_holdout15pct,20260916_180556_rad_dino_PA_chexmask_seg_cv_5fold_holdout15pct,,,,,,,,,,,,
delta_by_backbone,,resnet152,,PA,,,,,,,,,,,,,,,,,,,,,,,,,,,,,,,,,,,,,,,,,,,,,,,,,,,,,,,,,,2000,,,,,,,,,,,,,,,,,,,,,,,,,raw,chexmask_seg,chexmask_seg_minus_raw,True,paired,2521,1743,0.7796984754376058,0.7606941464332768,-0.019004329004329024,-0.03291579755298217,-0.005941665348131053,0.026974132204851117,True,0.004,0.6397840073920573,0.6237884906637559,-0.015995516728301462,-0.03515614261137466,0.004003803573134008,0.039159946184508666,False,0.119,0.06451264675980746,0.11194412858648353,0.5818783826172749,0.866840986672809,20260918_042254_resnet152_PA_raw_cv_5fold_holdout15pct,20260918_144611_resnet152_PA_chexmask_seg_cv_5fold_holdout15pct,,,,,,,,,,,,
delta_by_backbone,,swinv2_base_window16_256,,PA,,,,,,,,,,,,,,,,,,,,,,,,,,,,,,,,,,,,,,,,,,,,,,,,,,,,,,,,,,2000,,,,,,,,,,,,,,,,,,,,,,,,,raw,chexmask_seg,chexmask_seg_minus_raw,True,paired,2521,1743,0.7966068134763787,0.7880624882364012,-0.008544325239977502,-0.01928033769131189,0.0028198194424550187,0.02210015713376691,False,0.14,0.6785754749850883,0.6587226331961384,-0.01985284178894986,-0.03505837314883539,-0.004074851507565448,0.030983521641269943,True,0.01,0.06019799345161271,0.10241944739681098,0.632875518491641,0.8821174219909612,20260914_172603_swint_base_PA_raw_cv_5fold_holdout15pct,20260909_033321_swint_base_PA_chexmask_seg_cv_5fold_holdout15pct,,,,,,,,,,,,
delta_by_backbone,,vit_base_patch16_dinov3,,PA,,,,,,,,,,,,,,,,,,,,,,,,,,,,,,,,,,,,,,,,,,,,,,,,,,,,,,,,,,2000,,,,,,,,,,,,,,,,,,,,,,,,,raw,chexmask_seg,chexmask_seg_minus_raw,True,paired,2521,1743,0.8099582156973462,0.7910483719179371,-0.018909843779409075,-0.029178616012398927,-0.008710914141549866,0.02046770187084906,True,0.0,0.6963091449536446,0.6781106156888753,-0.01819852926476928,-0.032185851709701334,-0.004133361064802985,0.02805249064489835,True,0.014,0.060699510502067934,0.09945264126730952,0.6628028512659627,0.9125760283874397,20260912_231315_dinov3_base_PA_raw_cv_5fold_holdout15pct,20260909_072955_dinov3_base_PA_chexmask_seg_cv_5fold_holdout15pct,,,,,,,,,,,,
delta_by_backbone,,convnextv2_base,,PA,,,,,,,,,,,,,,,,,,,,,,,,,,,,,,,,,,,,,,,,,,,,,,,,,,,,,,,,,,2000,,,,,,,,,,,,,,,,,,,,,,,,,raw,medsam3_crop,medsam3_crop_minus_raw,True,paired,2521,1743,0.8109113495200452,0.8092467532467532,-0.0016645962732919628,-0.008598359351752813,0.005065384012523187,0.013663743364276,False,0.595,0.6948410650426781,0.6956950395567802,0.0008539745141021848,-0.008625423949977947,0.010031025698259284,0.018656449648237233,False,0.882,0.060443921696791594,0.10187980522771481,0.7739434672551817,0.9556354450514724,20260912_204440_convnextv2_base_PA_raw_cv_5fold_holdout15pct,20260908_093546_convnextv2_base_PA_medsam3_crop_cv_5fold_holdout15pct,,,,,,,,,,,,
delta_by_backbone,,densenet201,,PA,,,,,,,,,,,,,,,,,,,,,,,,,,,,,,,,,,,,,,,,,,,,,,,,,,,,,,,,,,2000,,,,,,,,,,,,,,,,,,,,,,,,,raw,medsam3_crop,medsam3_crop_minus_raw,True,paired,2521,1743,0.7940101637492942,0.7889840015057407,-0.005026162243553567,-0.01302866157773847,0.0034452555128011942,0.016473917090539664,False,0.242,0.6630957294102369,0.6594534613879597,-0.003642268022277184,-0.01637142941044689,0.01046608620993128,0.02683751562037817,False,0.624,0.06117756745006597,0.11024500555100644,0.730719644843906,0.938616825198644,20260918_062633_densenet_PA_raw_cv_5fold_holdout15pct,20260918_133311_densenet_PA_medsam3_crop_cv_5fold_holdout15pct,,,,,,,,,,,,
delta_by_backbone,,eva_x_base,,PA,,,,,,,,,,,,,,,,,,,,,,,,,,,,,,,,,,,,,,,,,,,,,,,,,,,,,,,,,,2000,,,,,,,,,,,,,,,,,,,,,,,,,raw,medsam3_crop,medsam3_crop_minus_raw,True,paired,2521,1743,0.8261313758705063,0.8233427442123095,-0.0027886316581968718,-0.008624509348671002,0.003388332614434905,0.012012841963105907,False,0.36,0.7279927234686776,0.722636420700927,-0.005356302767750565,-0.01350671293757314,0.0028672363265749494,0.016373949264148088,False,0.18,0.0582395738787376,0.09622459946559003,0.7937340340415572,0.9642551830167756,20260913_004127_eva_x_base_PA_raw_cv_5fold_holdout15pct,20260908_172509_eva_x_base_PA_medsam3_crop_cv_5fold_holdout15pct,,,,,,,,,,,,
delta_by_backbone,,microsoft/rad-dino,,PA,,,,,,,,,,,,,,,,,,,,,,,,,,,,,,,,,,,,,,,,,,,,,,,,,,,,,,,,,,2000,,,,,,,,,,,,,,,,,,,,,,,,,raw,medsam3_crop,medsam3_crop_minus_raw,True,paired,2521,1743,0.8140907208733296,0.8158434029738377,0.0017526821005081628,-0.0026841412901091126,0.006435480676857886,0.009119621966967,False,0.44,0.7073000764218162,0.7114933235387828,0.004193247116966559,-0.001989162687263793,0.011144464917097948,0.01313362760436174,False,0.192,0.05926541445500845,0.10009112487012853,0.8461223624127324,0.9831091631021666,20260916_064318_rad_dino_PA_raw_cv_5fold_holdout15pct,20260916_151509_rad_dino_PA_medsam3_crop_cv_5fold_holdout15pct,,,,,,,,,,,,
delta_by_backbone,,resnet152,,PA,,,,,,,,,,,,,,,,,,,,,,,,,,,,,,,,,,,,,,,,,,,,,,,,,,,,,,,,,,2000,,,,,,,,,,,,,,,,,,,,,,,,,raw,medsam3_crop,medsam3_crop_minus_raw,True,paired,2521,1743,0.7796984754376058,0.7790950498776585,-0.0006034255599473015,-0.009553925604346225,0.008185252549951744,0.01773917815429797,False,0.901,0.6397840073920573,0.6488366166928244,0.009052609300767123,-0.004597342273454439,0.02237025144398885,0.02696759371744329,False,0.178,0.0625269666810754,0.1063981505636998,0.7162955586062842,0.9295292382277016,20260918_042254_resnet152_PA_raw_cv_5fold_holdout15pct,20260918_112744_resnet152_PA_medsam3_crop_cv_5fold_holdout15pct,,,,,,,,,,,,
delta_by_backbone,,swinv2_base_window16_256,,PA,,,,,,,,,,,,,,,,,,,,,,,,,,,,,,,,,,,,,,,,,,,,,,,,,,,,,,,,,,2000,,,,,,,,,,,,,,,,,,,,,,,,,raw,medsam3_crop,medsam3_crop_minus_raw,True,paired,2521,1743,0.7966068134763787,0.8024573687182383,0.005850555241859512,-0.0036286736423919302,0.015826314243250497,0.019454987885642427,False,0.242,0.6785754749850883,0.6793439249225895,0.0007684499375012477,-0.016636700628115952,0.017458967952213293,0.034095668580329246,False,0.94,0.06212511150892558,0.10555083459925609,0.6868418033688791,0.9130643860297206,20260914_172603_swint_base_PA_raw_cv_5fold_holdout15pct,20260908_120636_swint_base_PA_medsam3_crop_cv_5fold_holdout15pct,,,,,,,,,,,,
delta_by_backbone,,vit_base_patch16_dinov3,,PA,,,,,,,,,,,,,,,,,,,,,,,,,,,,,,,,,,,,,,,,,,,,,,,,,,,,,,,,,,2000,,,,,,,,,,,,,,,,,,,,,,,,,raw,medsam3_crop,medsam3_crop_minus_raw,True,paired,2521,1743,0.8099582156973462,0.811930735930736,0.001972520233389785,-0.0046365076446940184,0.008557653788067372,0.01319416143276139,False,0.558,0.6963091449536446,0.698501622836621,0.0021924778829763847,-0.0073627435509871966,0.01206148789063547,0.01942423144162267,False,0.638,0.06242874353374481,0.10233291497746551,0.7886524590130585,0.9604373153075774,20260912_231315_dinov3_base_PA_raw_cv_5fold_holdout15pct,20260908_155706_dinov3_base_PA_medsam3_crop_cv_5fold_holdout15pct,,,,,,,,,,,,
delta_by_backbone,,convnextv2_base,,PA,,,,,,,,,,,,,,,,,,,,,,,,,,,,,,,,,,,,,,,,,,,,,,,,,,,,,,,,,,2000,,,,,,,,,,,,,,,,,,,,,,,,,raw,medsam3_seg,medsam3_seg_minus_raw,True,paired,2521,1743,0.8109113495200452,0.8003402973837757,-0.010571052136269521,-0.021312172462024027,0.00020938537997000677,0.021521557841994034,False,0.055,0.6948410650426781,0.6808722128052931,-0.013968852237384977,-0.030063318691879743,0.0014150930184801444,0.03147841171035989,False,0.074,0.060391797167876245,0.10563369442533456,0.6436344197181495,0.8906564777756579,20260912_204440_convnextv2_base_PA_raw_cv_5fold_holdout15pct,20260907_180114_convnextv2_base_PA_medsam3_seg_cv_5fold_holdout15pct,,,,,,,,,,,,
delta_by_backbone,,densenet201,,PA,,,,,,,,,,,,,,,,,,,,,,,,,,,,,,,,,,,,,,,,,,,,,,,,,,,,,,,,,,2000,,,,,,,,,,,,,,,,,,,,,,,,,raw,medsam3_seg,medsam3_seg_minus_raw,True,paired,2521,1743,0.7940101637492942,0.7879427818558253,-0.006067381893468893,-0.018974221827000825,0.006506336774595067,0.02548055860159589,False,0.346,0.6630957294102369,0.6586459083042477,-0.004449821105989127,-0.022704378892547533,0.012382374450414615,0.03508675334296215,False,0.622,0.06314267329985786,0.1061002349938782,0.5964605666821957,0.8698881993324747,20260918_062633_densenet_PA_raw_cv_5fold_holdout15pct,20260918_101249_densenet_PA_medsam3_seg_cv_5fold_holdout15pct,,,,,,,,,,,,
delta_by_backbone,,eva_x_base,,PA,,,,,,,,,,,,,,,,,,,,,,,,,,,,,,,,,,,,,,,,,,,,,,,,,,,,,,,,,,2000,,,,,,,,,,,,,,,,,,,,,,,,,raw,medsam3_seg,medsam3_seg_minus_raw,True,paired,2521,1743,0.8261313758705063,0.7974839073969509,-0.028647468473555482,-0.03905136153014316,-0.018691388555409715,0.020359972974733444,True,0.0,0.7279927234686776,0.6850926821336447,-0.04290004133503289,-0.058977456687043836,-0.02675730334497906,0.03222015334206478,True,0.0,0.059250899382347504,0.10181948535357671,0.6563769801475916,0.8938897074331121,20260913_004127_eva_x_base_PA_raw_cv_5fold_holdout15pct,20260908_015426_eva_x_base_PA_medsam3_seg_cv_5fold_holdout15pct,,,,,,,,,,,,
delta_by_backbone,,microsoft/rad-dino,,PA,,,,,,,,,,,,,,,,,,,,,,,,,,,,,,,,,,,,,,,,,,,,,,,,,,,,,,,,,,2000,,,,,,,,,,,,,,,,,,,,,,,,,raw,medsam3_seg,medsam3_seg_minus_raw,True,paired,2521,1743,0.8140907208733296,0.7997395068699417,-0.014351214003387902,-0.024216480838118663,-0.0036242222791433984,0.020592258558975264,True,0.01,0.7073000764218162,0.6861283192652428,-0.02117175715657349,-0.03418292664642464,-0.007015707045733028,0.02716721960069161,True,0.001,0.061140535957942804,0.10194885479814095,0.6631979383834611,0.9164003987871292,20260916_064318_rad_dino_PA_raw_cv_5fold_holdout15pct,20260916_120955_rad_dino_PA_medsam3_seg_cv_5fold_holdout15pct,,,,,,,,,,,,
delta_by_backbone,,resnet152,,PA,,,,,,,,,,,,,,,,,,,,,,,,,,,,,,,,,,,,,,,,,,,,,,,,,,,,,,,,,,2000,,,,,,,,,,,,,,,,,,,,,,,,,raw,medsam3_seg,medsam3_seg_minus_raw,True,paired,2521,1743,0.7796984754376058,0.7711545266327875,-0.008543948804818347,-0.02143654244663807,0.00402075980085379,0.02545730224749186,False,0.196,0.6397840073920573,0.6339823653151612,-0.005801642076896152,-0.025695014364926702,0.016565709457066813,0.042260723821993515,False,0.665,0.06433552530644215,0.10694277728360808,0.6043041208378425,0.8676798516733873,20260918_042254_resnet152_PA_raw_cv_5fold_holdout15pct,20260918_073821_resnet152_PA_medsam3_seg_cv_5fold_holdout15pct,,,,,,,,,,,,
delta_by_backbone,,swinv2_base_window16_256,,PA,,,,,,,,,,,,,,,,,,,,,,,,,,,,,,,,,,,,,,,,,,,,,,,,,,,,,,,,,,2000,,,,,,,,,,,,,,,,,,,,,,,,,raw,medsam3_seg,medsam3_seg_minus_raw,True,paired,2521,1743,0.7966068134763787,0.7896006022962545,-0.007006211180124233,-0.017918953248654772,0.004930711500808939,0.022849664749463712,False,0.23,0.6785754749850883,0.6653528237640765,-0.01322265122101185,-0.029201710418543768,0.003222781743287385,0.03242449216183115,False,0.116,0.06323231814690192,0.10463766976672037,0.6386394581267896,0.8795756056362307,20260914_172603_swint_base_PA_raw_cv_5fold_holdout15pct,20260907_203123_swint_base_PA_medsam3_seg_cv_5fold_holdout15pct,,,,,,,,,,,,
delta_by_backbone,,vit_base_patch16_dinov3,,PA,,,,,,,,,,,,,,,,,,,,,,,,,,,,,,,,,,,,,,,,,,,,,,,,,,,,,,,,,,2000,,,,,,,,,,,,,,,,,,,,,,,,,raw,medsam3_seg,medsam3_seg_minus_raw,True,paired,2521,1743,0.8099582156973462,0.7867946546207416,-0.023163561076604555,-0.03374481391016643,-0.013117642167462492,0.020627171742703933,True,0.0,0.6963091449536446,0.6682123693539368,-0.0280967755997078,-0.04214304627395608,-0.013822482765076504,0.02832056350887957,True,0.0,0.0642783640963588,0.10496368184497222,0.6790961930552242,0.9092823370776204,20260912_231315_dinov3_base_PA_raw_cv_5fold_holdout15pct,20260908_002127_dinov3_base_PA_medsam3_seg_cv_5fold_holdout15pct,,,,,,,,,,,,
delta_pooled,,,,AP,,,,,,,,,,,,,,,,,,,,,,,,,,,,,,,,,,,,,,,,,,,,,,,,,,,,,,,,,,2000,,,,,,,,,,,,,,,,,,,,,,,,,chexmask_seg,chexmask_crop,chexmask_crop_minus_chexmask_seg,,,3280,1763,,,,,,,,,,,,,,,,,,,,,,,7,convnextv2_base|densenet201|eva_x_base|microsoft/rad-dino|resnet152|swinv2_base_window16_256|vit_base_patch16_dinov3,0.005529564150623524,0.00129666399242784,0.00968685778946753,True,0.018,0.005058059648767472,0.0004117432168961884,0.009462624058396858,True,0.036
delta_pooled,,,,AP,,,,,,,,,,,,,,,,,,,,,,,,,,,,,,,,,,,,,,,,,,,,,,,,,,,,,,,,,,2000,,,,,,,,,,,,,,,,,,,,,,,,,medsam3_crop,chexmask_crop,chexmask_crop_minus_medsam3_crop,,,3280,1763,,,,,,,,,,,,,,,,,,,,,,,7,convnextv2_base|densenet201|eva_x_base|microsoft/rad-dino|resnet152|swinv2_base_window16_256|vit_base_patch16_dinov3,-0.0012561921482060953,-0.0028724325283617986,0.00021122370506334814,False,0.092,-0.0012669427339551279,-0.0033948874667827445,0.0006243759390986665,False,0.191
delta_pooled,,,,AP,,,,,,,,,,,,,,,,,,,,,,,,,,,,,,,,,,,,,,,,,,,,,,,,,,,,,,,,,,2000,,,,,,,,,,,,,,,,,,,,,,,,,medsam3_crop,chexmask_seg,chexmask_seg_minus_medsam3_crop,,,3280,1763,,,,,,,,,,,,,,,,,,,,,,,7,convnextv2_base|densenet201|eva_x_base|microsoft/rad-dino|resnet152|swinv2_base_window16_256|vit_base_patch16_dinov3,-0.0067857562988296195,-0.010736638268647455,-0.002674795276121548,True,0.002,-0.0063250023827226,-0.010756690164994842,-0.0016001464409220606,True,0.012
delta_pooled,,,,AP,,,,,,,,,,,,,,,,,,,,,,,,,,,,,,,,,,,,,,,,,,,,,,,,,,,,,,,,,,2000,,,,,,,,,,,,,,,,,,,,,,,,,medsam3_seg,chexmask_crop,chexmask_crop_minus_medsam3_seg,,,3280,1763,,,,,,,,,,,,,,,,,,,,,,,7,convnextv2_base|densenet201|eva_x_base|microsoft/rad-dino|resnet152|swinv2_base_window16_256|vit_base_patch16_dinov3,0.00656851126579031,0.0025941004832925087,0.01045782007140385,True,0.001,0.007312668335797833,0.0024947057090501748,0.01171180498089767,True,0.002
delta_pooled,,,,AP,,,,,,,,,,,,,,,,,,,,,,,,,,,,,,,,,,,,,,,,,,,,,,,,,,,,,,,,,,2000,,,,,,,,,,,,,,,,,,,,,,,,,medsam3_seg,chexmask_seg,chexmask_seg_minus_medsam3_seg,,,3280,1763,,,,,,,,,,,,,,,,,,,,,,,7,convnextv2_base|densenet201|eva_x_base|microsoft/rad-dino|resnet152|swinv2_base_window16_256|vit_base_patch16_dinov3,0.0010389471151667853,-0.0024389609174620824,0.004254039558994481,False,0.535,0.0022546086870303605,-0.001499585570506068,0.00586474732225535,False,0.237
delta_pooled,,,,AP,,,,,,,,,,,,,,,,,,,,,,,,,,,,,,,,,,,,,,,,,,,,,,,,,,,,,,,,,,2000,,,,,,,,,,,,,,,,,,,,,,,,,medsam3_seg,medsam3_crop,medsam3_crop_minus_medsam3_seg,,,3280,1763,,,,,,,,,,,,,,,,,,,,,,,7,convnextv2_base|densenet201|eva_x_base|microsoft/rad-dino|resnet152|swinv2_base_window16_256|vit_base_patch16_dinov3,0.007824703413996405,0.003822636238642412,0.01169679761958151,True,0.0,0.00857961106975296,0.004027056491469661,0.013395179206859932,True,0.0
delta_pooled,,,,AP,,,,,,,,,,,,,,,,,,,,,,,,,,,,,,,,,,,,,,,,,,,,,,,,,,,,,,,,,,2000,,,,,,,,,,,,,,,,,,,,,,,,,raw,chexmask_crop,chexmask_crop_minus_raw,,,3280,1763,,,,,,,,,,,,,,,,,,,,,,,7,convnextv2_base|densenet201|eva_x_base|microsoft/rad-dino|resnet152|swinv2_base_window16_256|vit_base_patch16_dinov3,0.0008973788708704118,-0.0012902184665917237,0.0030054725997930676,False,0.418,0.0004962226257477934,-0.0023706197728993335,0.0033194444835672357,False,0.752
delta_pooled,,,,AP,,,,,,,,,,,,,,,,,,,,,,,,,,,,,,,,,,,,,,,,,,,,,,,,,,,,,,,,,,2000,,,,,,,,,,,,,,,,,,,,,,,,,raw,chexmask_seg,chexmask_seg_minus_raw,,,3280,1763,,,,,,,,,,,,,,,,,,,,,,,7,convnextv2_base|densenet201|eva_x_base|microsoft/rad-dino|resnet152|swinv2_base_window16_256|vit_base_patch16_dinov3,-0.004632185279753113,-0.008554016051981111,-0.000561392910808839,True,0.028,-0.004561837023019678,-0.009104510270260222,-0.0003316218721202992,True,0.037
delta_pooled,,,,AP,,,,,,,,,,,,,,,,,,,,,,,,,,,,,,,,,,,,,,,,,,,,,,,,,,,,,,,,,,2000,,,,,,,,,,,,,,,,,,,,,,,,,raw,medsam3_crop,medsam3_crop_minus_raw,,,3280,1763,,,,,,,,,,,,,,,,,,,,,,,7,convnextv2_base|densenet201|eva_x_base|microsoft/rad-dino|resnet152|swinv2_base_window16_256|vit_base_patch16_dinov3,0.0021535710190765073,-0.00013602837790208615,0.004504198382647572,False,0.063,0.0017631653597029212,-0.0012810697705808972,0.00463519843844819,False,0.238
delta_pooled,,,,AP,,,,,,,,,,,,,,,,,,,,,,,,,,,,,,,,,,,,,,,,,,,,,,,,,,,,,,,,,,2000,,,,,,,,,,,,,,,,,,,,,,,,,raw,medsam3_seg,medsam3_seg_minus_raw,,,3280,1763,,,,,,,,,,,,,,,,,,,,,,,7,convnextv2_base|densenet201|eva_x_base|microsoft/rad-dino|resnet152|swinv2_base_window16_256|vit_base_patch16_dinov3,-0.005671132394919898,-0.00948508380176282,-0.0016534504791626589,True,0.002,-0.006816445710050039,-0.011310207983284724,-0.0022762339445051637,True,0.001
delta_pooled,,,,PA,,,,,,,,,,,,,,,,,,,,,,,,,,,,,,,,,,,,,,,,,,,,,,,,,,,,,,,,,,2000,,,,,,,,,,,,,,,,,,,,,,,,,chexmask_seg,chexmask_crop,chexmask_crop_minus_chexmask_seg,,,2521,1743,,,,,,,,,,,,,,,,,,,,,,,7,convnextv2_base|densenet201|eva_x_base|microsoft/rad-dino|resnet152|swinv2_base_window16_256|vit_base_patch16_dinov3,0.012417412814928364,0.0050519514836855645,0.019758417707255376,True,0.001,0.015188692217287771,0.0055441789511908165,0.02540066928081429,True,0.002
delta_pooled,,,,PA,,,,,,,,,,,,,,,,,,,,,,,,,,,,,,,,,,,,,,,,,,,,,,,,,,,,,,,,,,2000,,,,,,,,,,,,,,,,,,,,,,,,,medsam3_crop,chexmask_crop,chexmask_crop_minus_medsam3_crop,,,2521,1743,,,,,,,,,,,,,,,,,,,,,,,7,convnextv2_base|densenet201|eva_x_base|microsoft/rad-dino|resnet152|swinv2_base_window16_256|vit_base_patch16_dinov3,-0.0017522518888978425,-0.0042550374834233184,0.0007858830428950669,False,0.172,-0.005211536153973311,-0.009104544517639887,-0.0013935390595484407,True,0.008
delta_pooled,,,,PA,,,,,,,,,,,,,,,,,,,,,,,,,,,,,,,,,,,,,,,,,,,,,,,,,,,,,,,,,,2000,,,,,,,,,,,,,,,,,,,,,,,,,medsam3_crop,chexmask_seg,chexmask_seg_minus_medsam3_crop,,,2521,1743,,,,,,,,,,,,,,,,,,,,,,,7,convnextv2_base|densenet201|eva_x_base|microsoft/rad-dino|resnet152|swinv2_base_window16_256|vit_base_patch16_dinov3,-0.014169664703826206,-0.021601164725453356,-0.006582197436996958,True,0.0,-0.02040022837126108,-0.030446355549328022,-0.009798790478201641,True,0.0
delta_pooled,,,,PA,,,,,,,,,,,,,,,,,,,,,,,,,,,,,,,,,,,,,,,,,,,,,,,,,,,,,,,,,,2000,,,,,,,,,,,,,,,,,,,,,,,,,medsam3_seg,chexmask_crop,chexmask_crop_minus_medsam3_seg,,,2521,1743,,,,,,,,,,,,,,,,,,,,,,,7,convnextv2_base|densenet201|eva_x_base|microsoft/rad-dino|resnet152|swinv2_base_window16_256|vit_base_patch16_dinov3,0.01222543088381597,0.004556144357371282,0.020088550309632174,True,0.002,0.01445613937386698,0.004498846954403579,0.02457974869875039,True,0.004
delta_pooled,,,,PA,,,,,,,,,,,,,,,,,,,,,,,,,,,,,,,,,,,,,,,,,,,,,,,,,,,,,,,,,,2000,,,,,,,,,,,,,,,,,,,,,,,,,medsam3_seg,chexmask_seg,chexmask_seg_minus_medsam3_seg,,,2521,1743,,,,,,,,,,,,,,,,,,,,,,,7,convnextv2_base|densenet201|eva_x_base|microsoft/rad-dino|resnet152|swinv2_base_window16_256|vit_base_patch16_dinov3,-0.00019198193111239333,-0.0050995701509835975,0.0045575026508837225,False,0.941,-0.0007325528434207909,-0.007285531372998521,0.005936361683704736,False,0.833
delta_pooled,,,,PA,,,,,,,,,,,,,,,,,,,,,,,,,,,,,,,,,,,,,,,,,,,,,,,,,,,,,,,,,,2000,,,,,,,,,,,,,,,,,,,,,,,,,medsam3_seg,medsam3_crop,medsam3_crop_minus_medsam3_seg,,,2521,1743,,,,,,,,,,,,,,,,,,,,,,,7,convnextv2_base|densenet201|eva_x_base|microsoft/rad-dino|resnet152|swinv2_base_window16_256|vit_base_patch16_dinov3,0.013977682772713813,0.006019884278142953,0.021456137821174125,True,0.0,0.01966767552784029,0.009195452299188386,0.029538178381641206,True,0.0
delta_pooled,,,,PA,,,,,,,,,,,,,,,,,,,,,,,,,,,,,,,,,,,,,,,,,,,,,,,,,,,,,,,,,,2000,,,,,,,,,,,,,,,,,,,,,,,,,raw,chexmask_crop,chexmask_crop_minus_raw,,,2521,1743,,,,,,,,,,,,,,,,,,,,,,,7,convnextv2_base|densenet201|eva_x_base|microsoft/rad-dino|resnet152|swinv2_base_window16_256|vit_base_patch16_dinov3,-0.001824688768788163,-0.005240368794672902,0.0016222641666155226,False,0.324,-0.004059795016503919,-0.008989862048437451,0.0013986562097966326,False,0.164
delta_pooled,,,,PA,,,,,,,,,,,,,,,,,,,,,,,,,,,,,,,,,,,,,,,,,,,,,,,,,,,,,,,,,,2000,,,,,,,,,,,,,,,,,,,,,,,,,raw,chexmask_seg,chexmask_seg_minus_raw,,,2521,1743,,,,,,,,,,,,,,,,,,,,,,,7,convnextv2_base|densenet201|eva_x_base|microsoft/rad-dino|resnet152|swinv2_base_window16_256|vit_base_patch16_dinov3,-0.014242101583716527,-0.021337222641415687,-0.006864347722507986,True,0.0,-0.01924848723379169,-0.028807147407604514,-0.00969836723842536,True,0.0
delta_pooled,,,,PA,,,,,,,,,,,,,,,,,,,,,,,,,,,,,,,,,,,,,,,,,,,,,,,,,,,,,,,,,,2000,,,,,,,,,,,,,,,,,,,,,,,,,raw,medsam3_crop,medsam3_crop_minus_raw,,,2521,1743,,,,,,,,,,,,,,,,,,,,,,,7,convnextv2_base|densenet201|eva_x_base|microsoft/rad-dino|resnet152|swinv2_base_window16_256|vit_base_patch16_dinov3,-7.243687989032046e-05,-0.003730783021585228,0.003453774836547669,False,0.941,0.0011517411374693928,-0.003970172661692477,0.006343770377993564,False,0.652
delta_pooled,,,,PA,,,,,,,,,,,,,,,,,,,,,,,,,,,,,,,,,,,,,,,,,,,,,,,,,,,,,,,,,,2000,,,,,,,,,,,,,,,,,,,,,,,,,raw,medsam3_seg,medsam3_seg_minus_raw,,,2521,1743,,,,,,,,,,,,,,,,,,,,,,,7,convnextv2_base|densenet201|eva_x_base|microsoft/rad-dino|resnet152|swinv2_base_window16_256|vit_base_patch16_dinov3,-0.014050119652604134,-0.021265376472879485,-0.0066271375796905785,True,0.0,-0.018515934390370897,-0.028197456787851554,-0.008851036599328163,True,0.0
